Id,Description,Counterparty,Settle Date,Maturity Date,Pay Ccy,Pay Notional,Fixed Rate,Current Par,NPV,NPV Pay Leg,NPV Receive Leg,PV01,Cash Flow,Accrual,EUR Discounting PV01,Bucketed Gamma PV01
1,SWP_ABN AMRO NV_20_DURATION,A,2015-06-11,2040-06-11,EUR,80000000,0.017,0.0150551686,3462334.1543629616,-83616291.32509127,87078625.47945423,-176263.5247105425,"FAIL: Invalid measure name: CashFlows. Valid measure names: [AccruedInterest, BucketedGammaPV01, BucketedPV01, ExplainPresentValue, LegInitialNotional, LegPresentValue, PV01, ParRate, PresentValue]","FAIL: Measure not found in results: 'AccruedInterest'. Valid measure names: [AccruedInterest, BucketedGammaPV01, BucketedPV01, ExplainPresentValue, LegInitialNotional, LegPresentValue, PV01, ParRate, PresentValue]","FAIL: Measure not found in results: 'BucketedPV01'. Valid measure names: [AccruedInterest, BucketedGammaPV01, BucketedPV01, ExplainPresentValue, LegInitialNotional, LegPresentValue, PV01, ParRate, PresentValue]",
1,SWP_ABN AMRO NV_21_DURATION,A,2015-06-12,2020-06-12,EUR,200000000,0.006,0.0037577685,2279524.8568721414,-203383190.10164416,205662714.9585163,-100629.6000353779,"FAIL: Invalid measure name: CashFlows. Valid measure names: [AccruedInterest, BucketedGammaPV01, BucketedPV01, ExplainPresentValue, LegInitialNotional, LegPresentValue, PV01, ParRate, PresentValue]","FAIL: Measure not found in results: 'AccruedInterest'. Valid measure names: [AccruedInterest, BucketedGammaPV01, BucketedPV01, ExplainPresentValue, LegInitialNotional, LegPresentValue, PV01, ParRate, PresentValue]","FAIL: Measure not found in results: 'BucketedPV01'. Valid measure names: [AccruedInterest, BucketedGammaPV01, BucketedPV01, ExplainPresentValue, LegInitialNotional, LegPresentValue, PV01, ParRate, PresentValue]",
1,SWP_ABN AMRO NV_22_DURATION,A,2015-06-12,2030-06-12,EUR,73000000,0.01635,0.0133154882,3203217.665659681,-76024623.49500136,79227841.16066104,-104403.7146980637,"FAIL: Invalid measure name: CashFlows. Valid measure names: [AccruedInterest, BucketedGammaPV01, BucketedPV01, ExplainPresentValue, LegInitialNotional, LegPresentValue, PV01, ParRate, PresentValue]","FAIL: Measure not found in results: 'AccruedInterest'. Valid measure names: [AccruedInterest, BucketedGammaPV01, BucketedPV01, ExplainPresentValue, LegInitialNotional, LegPresentValue, PV01, ParRate, PresentValue]","FAIL: Measure not found in results: 'BucketedPV01'. Valid measure names: [AccruedInterest, BucketedGammaPV01, BucketedPV01, ExplainPresentValue, LegInitialNotional, LegPresentValue, PV01, ParRate, PresentValue]",
1,SWP_ABN AMRO NV_23_DURATION,A,2015-06-15,2035-06-15,EUR,50000000,0.0175,0.014756477,2541495.4253510684,-52187093.28315875,54728588.70850982,-91759.0258438375,"FAIL: Invalid measure name: CashFlows. Valid measure names: [AccruedInterest, BucketedGammaPV01, BucketedPV01, ExplainPresentValue, LegInitialNotional, LegPresentValue, PV01, ParRate, PresentValue]","FAIL: Measure not found in results: 'AccruedInterest'. Valid measure names: [AccruedInterest, BucketedGammaPV01, BucketedPV01, ExplainPresentValue, LegInitialNotional, LegPresentValue, PV01, ParRate, PresentValue]","FAIL: Measure not found in results: 'BucketedPV01'. Valid measure names: [AccruedInterest, BucketedGammaPV01, BucketedPV01, ExplainPresentValue, LegInitialNotional, LegPresentValue, PV01, ParRate, PresentValue]",
1,SWP_ABN AMRO NV_24_DURATION,A,2015-06-17,2020-06-17,EUR,200000000,0.0056,0.0037846023,1845572.710348457,-203394481.72772053,205240054.438069,-100514.0718595431,"FAIL: Invalid measure name: CashFlows. Valid measure names: [AccruedInterest, BucketedGammaPV01, BucketedPV01, ExplainPresentValue, LegInitialNotional, LegPresentValue, PV01, ParRate, PresentValue]","FAIL: Measure not found in results: 'AccruedInterest'. Valid measure names: [AccruedInterest, BucketedGammaPV01, BucketedPV01, ExplainPresentValue, LegInitialNotional, LegPresentValue, PV01, ParRate, PresentValue]","FAIL: Measure not found in results: 'BucketedPV01'. Valid measure names: [AccruedInterest, BucketedGammaPV01, BucketedPV01, ExplainPresentValue, LegInitialNotional, LegPresentValue, PV01, ParRate, PresentValue]",
1,SWP_ABN AMRO NV_25_DURATION,A,2015-06-17,2035-06-18,EUR,55000000,0.0159,0.0147618468,1159824.7754688784,-57404520.605744384,58564345.38121326,-99354.1501249445,"FAIL: Invalid measure name: CashFlows. Valid measure names: [AccruedInterest, BucketedGammaPV01, BucketedPV01, ExplainPresentValue, LegInitialNotional, LegPresentValue, PV01, ParRate, PresentValue]","FAIL: Measure not found in results: 'AccruedInterest'. Valid measure names: [AccruedInterest, BucketedGammaPV01, BucketedPV01, ExplainPresentValue, LegInitialNotional, LegPresentValue, PV01, ParRate, PresentValue]","FAIL: Measure not found in results: 'BucketedPV01'. Valid measure names: [AccruedInterest, BucketedGammaPV01, BucketedPV01, ExplainPresentValue, LegInitialNotional, LegPresentValue, PV01, ParRate, PresentValue]",
1,SWP_ABN AMRO NV_26_DURATION,A,2015-06-17,2035-06-18,EUR,40000000,0.01584,0.0147618468,799041.6838930771,-41748742.258723184,42547783.94261626,-72214.3354857991,"FAIL: Invalid measure name: CashFlows. Valid measure names: [AccruedInterest, BucketedGammaPV01, BucketedPV01, ExplainPresentValue, LegInitialNotional, LegPresentValue, PV01, ParRate, PresentValue]","FAIL: Measure not found in results: 'AccruedInterest'. Valid measure names: [AccruedInterest, BucketedGammaPV01, BucketedPV01, ExplainPresentValue, LegInitialNotional, LegPresentValue, PV01, ParRate, PresentValue]","FAIL: Measure not found in results: 'BucketedPV01'. Valid measure names: [AccruedInterest, BucketedGammaPV01, BucketedPV01, ExplainPresentValue, LegInitialNotional, LegPresentValue, PV01, ParRate, PresentValue]",
1,SWP_BARCLAYS BNK_49_DURATION,A,2015-07-01,2040-07-02,EUR,113500000,0.0165,0.015092803,3551914.3283800036,-118624437.13498281,122176351.46336281,-248434.5104433909,"FAIL: Invalid measure name: CashFlows. Valid measure names: [AccruedInterest, BucketedGammaPV01, BucketedPV01, ExplainPresentValue, LegInitialNotional, LegPresentValue, PV01, ParRate, PresentValue]","FAIL: Measure not found in results: 'AccruedInterest'. Valid measure names: [AccruedInterest, BucketedGammaPV01, BucketedPV01, ExplainPresentValue, LegInitialNotional, LegPresentValue, PV01, ParRate, PresentValue]","FAIL: Measure not found in results: 'BucketedPV01'. Valid measure names: [AccruedInterest, BucketedGammaPV01, BucketedPV01, ExplainPresentValue, LegInitialNotional, LegPresentValue, PV01, ParRate, PresentValue]",
1,SWP_BARCLAYS BNK_50_DURATION,A,2015-07-01,2040-08-01,EUR,111500000,0.0165,0.0150930468,3497983.705048412,-116527201.82364559,120025185.528694,-244731.2040151687,"FAIL: Invalid measure name: CashFlows. Valid measure names: [AccruedInterest, BucketedGammaPV01, BucketedPV01, ExplainPresentValue, LegInitialNotional, LegPresentValue, PV01, ParRate, PresentValue]","FAIL: Measure not found in results: 'AccruedInterest'. Valid measure names: [AccruedInterest, BucketedGammaPV01, BucketedPV01, ExplainPresentValue, LegInitialNotional, LegPresentValue, PV01, ParRate, PresentValue]","FAIL: Measure not found in results: 'BucketedPV01'. Valid measure names: [AccruedInterest, BucketedGammaPV01, BucketedPV01, ExplainPresentValue, LegInitialNotional, LegPresentValue, PV01, ParRate, PresentValue]",
1,SWP_BARCLAYS BNK_51_DURATION,A,2015-07-01,2040-08-01,EUR,111500000,0.0165,0.0150930468,3497983.705048412,-116527201.82364559,120025185.528694,-244731.2040151687,"FAIL: Invalid measure name: CashFlows. Valid measure names: [AccruedInterest, BucketedGammaPV01, BucketedPV01, ExplainPresentValue, LegInitialNotional, LegPresentValue, PV01, ParRate, PresentValue]","FAIL: Measure not found in results: 'AccruedInterest'. Valid measure names: [AccruedInterest, BucketedGammaPV01, BucketedPV01, ExplainPresentValue, LegInitialNotional, LegPresentValue, PV01, ParRate, PresentValue]","FAIL: Measure not found in results: 'BucketedPV01'. Valid measure names: [AccruedInterest, BucketedGammaPV01, BucketedPV01, ExplainPresentValue, LegInitialNotional, LegPresentValue, PV01, ParRate, PresentValue]",
1,SWP_BARCLAYS BNK_52_DURATION,A,2015-07-01,2040-05-01,EUR,113000000,0.0165,0.0150952176,3511069.0860022157,-118126380.70047843,121637449.78648065,-245904.8665184373,"FAIL: Invalid measure name: CashFlows. Valid measure names: [AccruedInterest, BucketedGammaPV01, BucketedPV01, ExplainPresentValue, LegInitialNotional, LegPresentValue, PV01, ParRate, PresentValue]","FAIL: Measure not found in results: 'AccruedInterest'. Valid measure names: [AccruedInterest, BucketedGammaPV01, BucketedPV01, ExplainPresentValue, LegInitialNotional, LegPresentValue, PV01, ParRate, PresentValue]","FAIL: Measure not found in results: 'BucketedPV01'. Valid measure names: [AccruedInterest, BucketedGammaPV01, BucketedPV01, ExplainPresentValue, LegInitialNotional, LegPresentValue, PV01, ParRate, PresentValue]",
1,SWP_BARCLAYS BNK_53_DURATION,A,2015-07-01,2040-05-01,EUR,113000000,0.0165,0.0150952176,3511069.0860022157,-118126380.70047843,121637449.78648065,-245904.8665184373,"FAIL: Invalid measure name: CashFlows. Valid measure names: [AccruedInterest, BucketedGammaPV01, BucketedPV01, ExplainPresentValue, LegInitialNotional, LegPresentValue, PV01, ParRate, PresentValue]","FAIL: Measure not found in results: 'AccruedInterest'. Valid measure names: [AccruedInterest, BucketedGammaPV01, BucketedPV01, ExplainPresentValue, LegInitialNotional, LegPresentValue, PV01, ParRate, PresentValue]","FAIL: Measure not found in results: 'BucketedPV01'. Valid measure names: [AccruedInterest, BucketedGammaPV01, BucketedPV01, ExplainPresentValue, LegInitialNotional, LegPresentValue, PV01, ParRate, PresentValue]",
1,SWP_BARCLAYS BNK_54_DURATION,A,2015-07-01,2040-06-01,EUR,113000000,0.0165,0.0150946264,3522129.390639156,-118115802.17131136,121637931.56195052,-246619.719615734,"FAIL: Invalid measure name: CashFlows. Valid measure names: [AccruedInterest, BucketedGammaPV01, BucketedPV01, ExplainPresentValue, LegInitialNotional, LegPresentValue, PV01, ParRate, PresentValue]","FAIL: Measure not found in results: 'AccruedInterest'. Valid measure names: [AccruedInterest, BucketedGammaPV01, BucketedPV01, ExplainPresentValue, LegInitialNotional, LegPresentValue, PV01, ParRate, PresentValue]","FAIL: Measure not found in results: 'BucketedPV01'. Valid measure names: [AccruedInterest, BucketedGammaPV01, BucketedPV01, ExplainPresentValue, LegInitialNotional, LegPresentValue, PV01, ParRate, PresentValue]",
1,SWP_BARCLAYS BNK_55_DURATION,A,2015-07-01,2040-07-02,EUR,113500000,0.0165,0.015092803,3551914.3283800036,-118624437.13498281,122176351.46336281,-248434.5104433909,"FAIL: Invalid measure name: CashFlows. Valid measure names: [AccruedInterest, BucketedGammaPV01, BucketedPV01, ExplainPresentValue, LegInitialNotional, LegPresentValue, PV01, ParRate, PresentValue]","FAIL: Measure not found in results: 'AccruedInterest'. Valid measure names: [AccruedInterest, BucketedGammaPV01, BucketedPV01, ExplainPresentValue, LegInitialNotional, LegPresentValue, PV01, ParRate, PresentValue]","FAIL: Measure not found in results: 'BucketedPV01'. Valid measure names: [AccruedInterest, BucketedGammaPV01, BucketedPV01, ExplainPresentValue, LegInitialNotional, LegPresentValue, PV01, ParRate, PresentValue]",
1,SWP_BARCLAYS BNK_56_DURATION,A,2015-07-01,2040-06-01,EUR,113000000,0.0165,0.0150946264,3522129.390639156,-118115802.17131136,121637931.56195052,-246619.719615734,"FAIL: Invalid measure name: CashFlows. Valid measure names: [AccruedInterest, BucketedGammaPV01, BucketedPV01, ExplainPresentValue, LegInitialNotional, LegPresentValue, PV01, ParRate, PresentValue]","FAIL: Measure not found in results: 'AccruedInterest'. Valid measure names: [AccruedInterest, BucketedGammaPV01, BucketedPV01, ExplainPresentValue, LegInitialNotional, LegPresentValue, PV01, ParRate, PresentValue]","FAIL: Measure not found in results: 'BucketedPV01'. Valid measure names: [AccruedInterest, BucketedGammaPV01, BucketedPV01, ExplainPresentValue, LegInitialNotional, LegPresentValue, PV01, ParRate, PresentValue]",
1,SWP_BARCLAYS BNK_57_DURATION,A,2015-07-29,2040-07-30,EUR,15000000,0.015225,0.0151438048,27056.7637911811,-15675508.972950611,15702565.736741792,-32293.0289457265,"FAIL: Invalid measure name: CashFlows. Valid measure names: [AccruedInterest, BucketedGammaPV01, BucketedPV01, ExplainPresentValue, LegInitialNotional, LegPresentValue, PV01, ParRate, PresentValue]","FAIL: Measure not found in results: 'AccruedInterest'. Valid measure names: [AccruedInterest, BucketedGammaPV01, BucketedPV01, ExplainPresentValue, LegInitialNotional, LegPresentValue, PV01, ParRate, PresentValue]","FAIL: Measure not found in results: 'BucketedPV01'. Valid measure names: [AccruedInterest, BucketedGammaPV01, BucketedPV01, ExplainPresentValue, LegInitialNotional, LegPresentValue, PV01, ParRate, PresentValue]",
1,SWP_BARCLAYS BNK_58_DURATION,A,2015-07-29,2040-07-30,EUR,15000000,0.015225,0.0151438048,27056.7637911811,-15675508.972950611,15702565.736741792,-32293.0289457265,"FAIL: Invalid measure name: CashFlows. Valid measure names: [AccruedInterest, BucketedGammaPV01, BucketedPV01, ExplainPresentValue, LegInitialNotional, LegPresentValue, PV01, ParRate, PresentValue]","FAIL: Measure not found in results: 'AccruedInterest'. Valid measure names: [AccruedInterest, BucketedGammaPV01, BucketedPV01, ExplainPresentValue, LegInitialNotional, LegPresentValue, PV01, ParRate, PresentValue]","FAIL: Measure not found in results: 'BucketedPV01'. Valid measure names: [AccruedInterest, BucketedGammaPV01, BucketedPV01, ExplainPresentValue, LegInitialNotional, LegPresentValue, PV01, ParRate, PresentValue]",
1,SWP_BARCLAYS BNK_59_DURATION,A,2015-07-30,2040-07-30,EUR,15000000,0.0155,0.0151454484,118132.8444147911,-15675426.627555868,15793559.471970659,-32398.6790198094,"FAIL: Invalid measure name: CashFlows. Valid measure names: [AccruedInterest, BucketedGammaPV01, BucketedPV01, ExplainPresentValue, LegInitialNotional, LegPresentValue, PV01, ParRate, PresentValue]","FAIL: Measure not found in results: 'AccruedInterest'. Valid measure names: [AccruedInterest, BucketedGammaPV01, BucketedPV01, ExplainPresentValue, LegInitialNotional, LegPresentValue, PV01, ParRate, PresentValue]","FAIL: Measure not found in results: 'BucketedPV01'. Valid measure names: [AccruedInterest, BucketedGammaPV01, BucketedPV01, ExplainPresentValue, LegInitialNotional, LegPresentValue, PV01, ParRate, PresentValue]",
1,SWP_BARCLAYS BNK_60_DURATION,A,2015-07-30,2040-07-30,EUR,15000000,0.0155,0.0151454484,118132.8444147911,-15675426.627555868,15793559.471970659,-32398.6790198094,"FAIL: Invalid measure name: CashFlows. Valid measure names: [AccruedInterest, BucketedGammaPV01, BucketedPV01, ExplainPresentValue, LegInitialNotional, LegPresentValue, PV01, ParRate, PresentValue]","FAIL: Measure not found in results: 'AccruedInterest'. Valid measure names: [AccruedInterest, BucketedGammaPV01, BucketedPV01, ExplainPresentValue, LegInitialNotional, LegPresentValue, PV01, ParRate, PresentValue]","FAIL: Measure not found in results: 'BucketedPV01'. Valid measure names: [AccruedInterest, BucketedGammaPV01, BucketedPV01, ExplainPresentValue, LegInitialNotional, LegPresentValue, PV01, ParRate, PresentValue]",
1,SWP_BARCLAYS BNK_61_DURATION,A,2015-07-31,2040-07-31,EUR,15000000,0.01572,0.0151470485,190894.0902391523,-15675287.714367352,15866181.804606505,-32485.2711772708,"FAIL: Invalid measure name: CashFlows. Valid measure names: [AccruedInterest, BucketedGammaPV01, BucketedPV01, ExplainPresentValue, LegInitialNotional, LegPresentValue, PV01, ParRate, PresentValue]","FAIL: Measure not found in results: 'AccruedInterest'. Valid measure names: [AccruedInterest, BucketedGammaPV01, BucketedPV01, ExplainPresentValue, LegInitialNotional, LegPresentValue, PV01, ParRate, PresentValue]","FAIL: Measure not found in results: 'BucketedPV01'. Valid measure names: [AccruedInterest, BucketedGammaPV01, BucketedPV01, ExplainPresentValue, LegInitialNotional, LegPresentValue, PV01, ParRate, PresentValue]",
1,SWP_BARCLAYS BNK_62_DURATION,A,2015-07-31,2040-07-31,EUR,15000000,0.01572,0.0151470485,190894.0902391523,-15675287.714367352,15866181.804606505,-32485.2711772708,"FAIL: Invalid measure name: CashFlows. Valid measure names: [AccruedInterest, BucketedGammaPV01, BucketedPV01, ExplainPresentValue, LegInitialNotional, LegPresentValue, PV01, ParRate, PresentValue]","FAIL: Measure not found in results: 'AccruedInterest'. Valid measure names: [AccruedInterest, BucketedGammaPV01, BucketedPV01, ExplainPresentValue, LegInitialNotional, LegPresentValue, PV01, ParRate, PresentValue]","FAIL: Measure not found in results: 'BucketedPV01'. Valid measure names: [AccruedInterest, BucketedGammaPV01, BucketedPV01, ExplainPresentValue, LegInitialNotional, LegPresentValue, PV01, ParRate, PresentValue]",
1,SWP_BARCLAYS BNK_63_DURATION,A,2015-08-04,2040-08-06,EUR,15000000,0.01561,0.0151556159,151393.6700736955,-15675381.918161793,15826775.588235488,-32442.6516301664,"FAIL: Invalid measure name: CashFlows. Valid measure names: [AccruedInterest, BucketedGammaPV01, BucketedPV01, ExplainPresentValue, LegInitialNotional, LegPresentValue, PV01, ParRate, PresentValue]","FAIL: Measure not found in results: 'AccruedInterest'. Valid measure names: [AccruedInterest, BucketedGammaPV01, BucketedPV01, ExplainPresentValue, LegInitialNotional, LegPresentValue, PV01, ParRate, PresentValue]","FAIL: Measure not found in results: 'BucketedPV01'. Valid measure names: [AccruedInterest, BucketedGammaPV01, BucketedPV01, ExplainPresentValue, LegInitialNotional, LegPresentValue, PV01, ParRate, PresentValue]",
1,SWP_BARCLAYS BNK_64_DURATION,A,2015-08-04,2040-08-06,EUR,15000000,0.01561,0.0151556159,151393.6700736955,-15675381.918161793,15826775.588235488,-32442.6516301664,"FAIL: Invalid measure name: CashFlows. Valid measure names: [AccruedInterest, BucketedGammaPV01, BucketedPV01, ExplainPresentValue, LegInitialNotional, LegPresentValue, PV01, ParRate, PresentValue]","FAIL: Measure not found in results: 'AccruedInterest'. Valid measure names: [AccruedInterest, BucketedGammaPV01, BucketedPV01, ExplainPresentValue, LegInitialNotional, LegPresentValue, PV01, ParRate, PresentValue]","FAIL: Measure not found in results: 'BucketedPV01'. Valid measure names: [AccruedInterest, BucketedGammaPV01, BucketedPV01, ExplainPresentValue, LegInitialNotional, LegPresentValue, PV01, ParRate, PresentValue]",
1,SWP_BARCLAYS BNK_65_DURATION,A,2015-08-05,2040-08-06,EUR,15000000,0.01503,0.015156969,-42298.8168838304,-15675205.885039873,15632907.068156043,-32206.7903383527,"FAIL: Invalid measure name: CashFlows. Valid measure names: [AccruedInterest, BucketedGammaPV01, BucketedPV01, ExplainPresentValue, LegInitialNotional, LegPresentValue, PV01, ParRate, PresentValue]","FAIL: Measure not found in results: 'AccruedInterest'. Valid measure names: [AccruedInterest, BucketedGammaPV01, BucketedPV01, ExplainPresentValue, LegInitialNotional, LegPresentValue, PV01, ParRate, PresentValue]","FAIL: Measure not found in results: 'BucketedPV01'. Valid measure names: [AccruedInterest, BucketedGammaPV01, BucketedPV01, ExplainPresentValue, LegInitialNotional, LegPresentValue, PV01, ParRate, PresentValue]",
1,SWP_BARCLAYS BNK_66_DURATION,A,2015-08-05,2040-08-06,EUR,15000000,0.01503,0.015156969,-42298.8168838304,-15675205.885039873,15632907.068156043,-32206.7903383527,"FAIL: Invalid measure name: CashFlows. Valid measure names: [AccruedInterest, BucketedGammaPV01, BucketedPV01, ExplainPresentValue, LegInitialNotional, LegPresentValue, PV01, ParRate, PresentValue]","FAIL: Measure not found in results: 'AccruedInterest'. Valid measure names: [AccruedInterest, BucketedGammaPV01, BucketedPV01, ExplainPresentValue, LegInitialNotional, LegPresentValue, PV01, ParRate, PresentValue]","FAIL: Measure not found in results: 'BucketedPV01'. Valid measure names: [AccruedInterest, BucketedGammaPV01, BucketedPV01, ExplainPresentValue, LegInitialNotional, LegPresentValue, PV01, ParRate, PresentValue]",
1,SWP_BARCLAYS BNK_67_DURATION,A,2015-08-05,2040-08-06,EUR,15000000,0.0149,0.015156969,-85607.406066224,-15675205.885039873,15589598.47897365,-32154.7391657668,"FAIL: Invalid measure name: CashFlows. Valid measure names: [AccruedInterest, BucketedGammaPV01, BucketedPV01, ExplainPresentValue, LegInitialNotional, LegPresentValue, PV01, ParRate, PresentValue]","FAIL: Measure not found in results: 'AccruedInterest'. Valid measure names: [AccruedInterest, BucketedGammaPV01, BucketedPV01, ExplainPresentValue, LegInitialNotional, LegPresentValue, PV01, ParRate, PresentValue]","FAIL: Measure not found in results: 'BucketedPV01'. Valid measure names: [AccruedInterest, BucketedGammaPV01, BucketedPV01, ExplainPresentValue, LegInitialNotional, LegPresentValue, PV01, ParRate, PresentValue]",
1,SWP_BARCLAYS BNK_68_DURATION,A,2015-08-05,2040-08-06,EUR,15000000,0.0149,0.015156969,-85607.406066224,-15675205.885039873,15589598.47897365,-32154.7391657668,"FAIL: Invalid measure name: CashFlows. Valid measure names: [AccruedInterest, BucketedGammaPV01, BucketedPV01, ExplainPresentValue, LegInitialNotional, LegPresentValue, PV01, ParRate, PresentValue]","FAIL: Measure not found in results: 'AccruedInterest'. Valid measure names: [AccruedInterest, BucketedGammaPV01, BucketedPV01, ExplainPresentValue, LegInitialNotional, LegPresentValue, PV01, ParRate, PresentValue]","FAIL: Measure not found in results: 'BucketedPV01'. Valid measure names: [AccruedInterest, BucketedGammaPV01, BucketedPV01, ExplainPresentValue, LegInitialNotional, LegPresentValue, PV01, ParRate, PresentValue]",
1,SWP_BARCLAYS BNK_69_DURATION,A,2015-08-06,2040-08-06,EUR,10000000,0.0146,0.0151596538,-124281.0329952613,-10450314.69571441,10326033.66271915,-21353.2581467949,"FAIL: Invalid measure name: CashFlows. Valid measure names: [AccruedInterest, BucketedGammaPV01, BucketedPV01, ExplainPresentValue, LegInitialNotional, LegPresentValue, PV01, ParRate, PresentValue]","FAIL: Measure not found in results: 'AccruedInterest'. Valid measure names: [AccruedInterest, BucketedGammaPV01, BucketedPV01, ExplainPresentValue, LegInitialNotional, LegPresentValue, PV01, ParRate, PresentValue]","FAIL: Measure not found in results: 'BucketedPV01'. Valid measure names: [AccruedInterest, BucketedGammaPV01, BucketedPV01, ExplainPresentValue, LegInitialNotional, LegPresentValue, PV01, ParRate, PresentValue]",
1,SWP_BARCLAYS BNK_70_DURATION,A,2015-08-06,2040-08-06,EUR,10000000,0.0146,0.0151596538,-124281.0329952613,-10450314.69571441,10326033.66271915,-21353.2581467949,"FAIL: Invalid measure name: CashFlows. Valid measure names: [AccruedInterest, BucketedGammaPV01, BucketedPV01, ExplainPresentValue, LegInitialNotional, LegPresentValue, PV01, ParRate, PresentValue]","FAIL: Measure not found in results: 'AccruedInterest'. Valid measure names: [AccruedInterest, BucketedGammaPV01, BucketedPV01, ExplainPresentValue, LegInitialNotional, LegPresentValue, PV01, ParRate, PresentValue]","FAIL: Measure not found in results: 'BucketedPV01'. Valid measure names: [AccruedInterest, BucketedGammaPV01, BucketedPV01, ExplainPresentValue, LegInitialNotional, LegPresentValue, PV01, ParRate, PresentValue]",
1,SWP_BARCLAYS BNK_71_DURATION,A,2015-08-31,2045-08-31,EUR,24500000,0.01571,0.0151951273,323267.4260434248,-25629178.29045181,25952445.716495235,-61558.2315732654,"FAIL: Invalid measure name: CashFlows. Valid measure names: [AccruedInterest, BucketedGammaPV01, BucketedPV01, ExplainPresentValue, LegInitialNotional, LegPresentValue, PV01, ParRate, PresentValue]","FAIL: Measure not found in results: 'AccruedInterest'. Valid measure names: [AccruedInterest, BucketedGammaPV01, BucketedPV01, ExplainPresentValue, LegInitialNotional, LegPresentValue, PV01, ParRate, PresentValue]","FAIL: Measure not found in results: 'BucketedPV01'. Valid measure names: [AccruedInterest, BucketedGammaPV01, BucketedPV01, ExplainPresentValue, LegInitialNotional, LegPresentValue, PV01, ParRate, PresentValue]",
1,SWP_BARCLAYS BNK_72_DURATION,A,2015-08-31,2045-08-31,EUR,24500000,0.01571,0.0151951273,323267.4260434248,-25629178.29045181,25952445.716495235,-61558.2315732654,"FAIL: Invalid measure name: CashFlows. Valid measure names: [AccruedInterest, BucketedGammaPV01, BucketedPV01, ExplainPresentValue, LegInitialNotional, LegPresentValue, PV01, ParRate, PresentValue]","FAIL: Measure not found in results: 'AccruedInterest'. Valid measure names: [AccruedInterest, BucketedGammaPV01, BucketedPV01, ExplainPresentValue, LegInitialNotional, LegPresentValue, PV01, ParRate, PresentValue]","FAIL: Measure not found in results: 'BucketedPV01'. Valid measure names: [AccruedInterest, BucketedGammaPV01, BucketedPV01, ExplainPresentValue, LegInitialNotional, LegPresentValue, PV01, ParRate, PresentValue]",
1,SWP_BARCLAYS BNK_73_DURATION,A,2015-09-03,2045-09-04,EUR,40500000,0.01752,0.0152061634,2400618.3147532046,-42367826.811597645,44768445.12635085,-104389.0133086828,"FAIL: Invalid measure name: CashFlows. Valid measure names: [AccruedInterest, BucketedGammaPV01, BucketedPV01, ExplainPresentValue, LegInitialNotional, LegPresentValue, PV01, ParRate, PresentValue]","FAIL: Measure not found in results: 'AccruedInterest'. Valid measure names: [AccruedInterest, BucketedGammaPV01, BucketedPV01, ExplainPresentValue, LegInitialNotional, LegPresentValue, PV01, ParRate, PresentValue]","FAIL: Measure not found in results: 'BucketedPV01'. Valid measure names: [AccruedInterest, BucketedGammaPV01, BucketedPV01, ExplainPresentValue, LegInitialNotional, LegPresentValue, PV01, ParRate, PresentValue]",
1,SWP_BARCLAYS BNK_74_DURATION,A,2015-09-03,2045-09-04,EUR,40500000,0,0.0152061634,-15776478.646287445,-42367826.811597645,26591348.1653102,-78554.8793012651,"FAIL: Invalid measure name: CashFlows. Valid measure names: [AccruedInterest, BucketedGammaPV01, BucketedPV01, ExplainPresentValue, LegInitialNotional, LegPresentValue, PV01, ParRate, PresentValue]","FAIL: Measure not found in results: 'AccruedInterest'. Valid measure names: [AccruedInterest, BucketedGammaPV01, BucketedPV01, ExplainPresentValue, LegInitialNotional, LegPresentValue, PV01, ParRate, PresentValue]","FAIL: Measure not found in results: 'BucketedPV01'. Valid measure names: [AccruedInterest, BucketedGammaPV01, BucketedPV01, ExplainPresentValue, LegInitialNotional, LegPresentValue, PV01, ParRate, PresentValue]",
1,SWP_BNP PARIBAS_03_DURATION,A,2014-06-18,2034-06-19,EUR,92000000,0.03042,0.0138099876,25831082.674838886,-96180410.5828705,122011493.25770938,-181345.2916428894,"FAIL: Invalid measure name: CashFlows. Valid measure names: [AccruedInterest, BucketedGammaPV01, BucketedPV01, ExplainPresentValue, LegInitialNotional, LegPresentValue, PV01, ParRate, PresentValue]","FAIL: Measure not found in results: 'AccruedInterest'. Valid measure names: [AccruedInterest, BucketedGammaPV01, BucketedPV01, ExplainPresentValue, LegInitialNotional, LegPresentValue, PV01, ParRate, PresentValue]","FAIL: Measure not found in results: 'BucketedPV01'. Valid measure names: [AccruedInterest, BucketedGammaPV01, BucketedPV01, ExplainPresentValue, LegInitialNotional, LegPresentValue, PV01, ParRate, PresentValue]",
1,SWP_BNP PARIBAS_04_DURATION,A,2014-06-20,2039-06-20,EUR,71000000,0.023,0.0143693441,12146450.79318145,-74228978.0096629,86375428.80284435,-161593.9846086634,"FAIL: Invalid measure name: CashFlows. Valid measure names: [AccruedInterest, BucketedGammaPV01, BucketedPV01, ExplainPresentValue, LegInitialNotional, LegPresentValue, PV01, ParRate, PresentValue]","FAIL: Measure not found in results: 'AccruedInterest'. Valid measure names: [AccruedInterest, BucketedGammaPV01, BucketedPV01, ExplainPresentValue, LegInitialNotional, LegPresentValue, PV01, ParRate, PresentValue]","FAIL: Measure not found in results: 'BucketedPV01'. Valid measure names: [AccruedInterest, BucketedGammaPV01, BucketedPV01, ExplainPresentValue, LegInitialNotional, LegPresentValue, PV01, ParRate, PresentValue]",
1,SWP_DEUTSCHE BANK18_DURATION,A,2011-06-22,2051-06-26,EUR,60000000,0.0325,0.0132887534,30773061.35356307,-62880051.51660198,93653112.87016505,-223321.554772494,"FAIL: Invalid measure name: CashFlows. Valid measure names: [AccruedInterest, BucketedGammaPV01, BucketedPV01, ExplainPresentValue, LegInitialNotional, LegPresentValue, PV01, ParRate, PresentValue]","FAIL: Measure not found in results: 'AccruedInterest'. Valid measure names: [AccruedInterest, BucketedGammaPV01, BucketedPV01, ExplainPresentValue, LegInitialNotional, LegPresentValue, PV01, ParRate, PresentValue]","FAIL: Measure not found in results: 'BucketedPV01'. Valid measure names: [AccruedInterest, BucketedGammaPV01, BucketedPV01, ExplainPresentValue, LegInitialNotional, LegPresentValue, PV01, ParRate, PresentValue]",
1,SWP_DEUTSCH BANK19_DURATION,A,2011-06-23,2051-06-26,EUR,67000000,0.0325,0.0132900514,34356701.19110748,-70216481.85745044,104573183.04855792,-249359.7642812296,"FAIL: Invalid measure name: CashFlows. Valid measure names: [AccruedInterest, BucketedGammaPV01, BucketedPV01, ExplainPresentValue, LegInitialNotional, LegPresentValue, PV01, ParRate, PresentValue]","FAIL: Measure not found in results: 'AccruedInterest'. Valid measure names: [AccruedInterest, BucketedGammaPV01, BucketedPV01, ExplainPresentValue, LegInitialNotional, LegPresentValue, PV01, ParRate, PresentValue]","FAIL: Measure not found in results: 'BucketedPV01'. Valid measure names: [AccruedInterest, BucketedGammaPV01, BucketedPV01, ExplainPresentValue, LegInitialNotional, LegPresentValue, PV01, ParRate, PresentValue]",
1,SWP_DEUTSCH BK20 (GB)_DURATION,A,2012-01-13,2017-01-13,EUR,12500000,0.04,0.0001221491,1008918.3098283131,-12536590.8969926,13545509.206820913,-1962.503538717,"FAIL: Invalid measure name: CashFlows. Valid measure names: [AccruedInterest, BucketedGammaPV01, BucketedPV01, ExplainPresentValue, LegInitialNotional, LegPresentValue, PV01, ParRate, PresentValue]","FAIL: Measure not found in results: 'AccruedInterest'. Valid measure names: [AccruedInterest, BucketedGammaPV01, BucketedPV01, ExplainPresentValue, LegInitialNotional, LegPresentValue, PV01, ParRate, PresentValue]","FAIL: Measure not found in results: 'BucketedPV01'. Valid measure names: [AccruedInterest, BucketedGammaPV01, BucketedPV01, ExplainPresentValue, LegInitialNotional, LegPresentValue, PV01, ParRate, PresentValue]",
1,SWP_DEUTSCHE BANK_23_DURATION,A,2014-11-03,2023-11-03,EUR,190000000,0.01,0.0075521399,4212570.76295045,-195592823.14453638,199805393.90748683,-160258.2961018461,"FAIL: Invalid measure name: CashFlows. Valid measure names: [AccruedInterest, BucketedGammaPV01, BucketedPV01, ExplainPresentValue, LegInitialNotional, LegPresentValue, PV01, ParRate, PresentValue]","FAIL: Measure not found in results: 'AccruedInterest'. Valid measure names: [AccruedInterest, BucketedGammaPV01, BucketedPV01, ExplainPresentValue, LegInitialNotional, LegPresentValue, PV01, ParRate, PresentValue]","FAIL: Measure not found in results: 'BucketedPV01'. Valid measure names: [AccruedInterest, BucketedGammaPV01, BucketedPV01, ExplainPresentValue, LegInitialNotional, LegPresentValue, PV01, ParRate, PresentValue]",
1,SWP_DEUTSCHE BANK_24_DURATION,A,2014-11-03,2037-11-03,EUR,85000000,0.01778,0.0145508201,5753877.245993003,-88893416.60994713,94647293.85594013,-172937.5470552946,"FAIL: Invalid measure name: CashFlows. Valid measure names: [AccruedInterest, BucketedGammaPV01, BucketedPV01, ExplainPresentValue, LegInitialNotional, LegPresentValue, PV01, ParRate, PresentValue]","FAIL: Measure not found in results: 'AccruedInterest'. Valid measure names: [AccruedInterest, BucketedGammaPV01, BucketedPV01, ExplainPresentValue, LegInitialNotional, LegPresentValue, PV01, ParRate, PresentValue]","FAIL: Measure not found in results: 'BucketedPV01'. Valid measure names: [AccruedInterest, BucketedGammaPV01, BucketedPV01, ExplainPresentValue, LegInitialNotional, LegPresentValue, PV01, ParRate, PresentValue]",
1,SWP_DEUTSCHE BANK_25_DURATION,A,2014-12-12,2038-12-13,EUR,50000000,0.01551,0.0146738825,906114.7709619477,-52287803.704704784,53193918.47566673,-102795.3382657463,"FAIL: Invalid measure name: CashFlows. Valid measure names: [AccruedInterest, BucketedGammaPV01, BucketedPV01, ExplainPresentValue, LegInitialNotional, LegPresentValue, PV01, ParRate, PresentValue]","FAIL: Measure not found in results: 'AccruedInterest'. Valid measure names: [AccruedInterest, BucketedGammaPV01, BucketedPV01, ExplainPresentValue, LegInitialNotional, LegPresentValue, PV01, ParRate, PresentValue]","FAIL: Measure not found in results: 'BucketedPV01'. Valid measure names: [AccruedInterest, BucketedGammaPV01, BucketedPV01, ExplainPresentValue, LegInitialNotional, LegPresentValue, PV01, ParRate, PresentValue]",
1,SWP_DEUTSCHE BANK_26_DURATION,A,2014-12-12,2038-12-13,EUR,50000000,0.01551,0.0146738825,906114.7709619477,-52287803.704704784,53193918.47566673,-102795.3382657463,"FAIL: Invalid measure name: CashFlows. Valid measure names: [AccruedInterest, BucketedGammaPV01, BucketedPV01, ExplainPresentValue, LegInitialNotional, LegPresentValue, PV01, ParRate, PresentValue]","FAIL: Measure not found in results: 'AccruedInterest'. Valid measure names: [AccruedInterest, BucketedGammaPV01, BucketedPV01, ExplainPresentValue, LegInitialNotional, LegPresentValue, PV01, ParRate, PresentValue]","FAIL: Measure not found in results: 'BucketedPV01'. Valid measure names: [AccruedInterest, BucketedGammaPV01, BucketedPV01, ExplainPresentValue, LegInitialNotional, LegPresentValue, PV01, ParRate, PresentValue]",
1,SWP_DEUTSCHE BANK_27_DURATION,A,2014-12-12,2038-12-13,EUR,50000000,0.01535,0.0146738825,732720.044671461,-52287803.704704784,53020523.749376245,-102605.1463987474,"FAIL: Invalid measure name: CashFlows. Valid measure names: [AccruedInterest, BucketedGammaPV01, BucketedPV01, ExplainPresentValue, LegInitialNotional, LegPresentValue, PV01, ParRate, PresentValue]","FAIL: Measure not found in results: 'AccruedInterest'. Valid measure names: [AccruedInterest, BucketedGammaPV01, BucketedPV01, ExplainPresentValue, LegInitialNotional, LegPresentValue, PV01, ParRate, PresentValue]","FAIL: Measure not found in results: 'BucketedPV01'. Valid measure names: [AccruedInterest, BucketedGammaPV01, BucketedPV01, ExplainPresentValue, LegInitialNotional, LegPresentValue, PV01, ParRate, PresentValue]",
1,SWP_DEUTSCHE BANK_28_DURATION,A,2014-12-12,2038-12-13,EUR,50000000,0.01535,0.0146738825,732720.044671461,-52287803.704704784,53020523.749376245,-102605.1463987474,"FAIL: Invalid measure name: CashFlows. Valid measure names: [AccruedInterest, BucketedGammaPV01, BucketedPV01, ExplainPresentValue, LegInitialNotional, LegPresentValue, PV01, ParRate, PresentValue]","FAIL: Measure not found in results: 'AccruedInterest'. Valid measure names: [AccruedInterest, BucketedGammaPV01, BucketedPV01, ExplainPresentValue, LegInitialNotional, LegPresentValue, PV01, ParRate, PresentValue]","FAIL: Measure not found in results: 'BucketedPV01'. Valid measure names: [AccruedInterest, BucketedGammaPV01, BucketedPV01, ExplainPresentValue, LegInitialNotional, LegPresentValue, PV01, ParRate, PresentValue]",
1,SWP_DEUTSCHE BANK_29_DURATION,A,2014-12-15,2038-12-15,EUR,50000000,0.01506,0.0146795857,412180.0776295811,-52287622.99388088,52699803.071510464,-102239.8127840198,"FAIL: Invalid measure name: CashFlows. Valid measure names: [AccruedInterest, BucketedGammaPV01, BucketedPV01, ExplainPresentValue, LegInitialNotional, LegPresentValue, PV01, ParRate, PresentValue]","FAIL: Measure not found in results: 'AccruedInterest'. Valid measure names: [AccruedInterest, BucketedGammaPV01, BucketedPV01, ExplainPresentValue, LegInitialNotional, LegPresentValue, PV01, ParRate, PresentValue]","FAIL: Measure not found in results: 'BucketedPV01'. Valid measure names: [AccruedInterest, BucketedGammaPV01, BucketedPV01, ExplainPresentValue, LegInitialNotional, LegPresentValue, PV01, ParRate, PresentValue]",
1,SWP_DEUTSCHE BANK_30_DURATION,A,2014-12-15,2038-12-15,EUR,50000000,0.01506,0.0146795857,412180.0776295811,-52287622.99388088,52699803.071510464,-102239.8127840198,"FAIL: Invalid measure name: CashFlows. Valid measure names: [AccruedInterest, BucketedGammaPV01, BucketedPV01, ExplainPresentValue, LegInitialNotional, LegPresentValue, PV01, ParRate, PresentValue]","FAIL: Measure not found in results: 'AccruedInterest'. Valid measure names: [AccruedInterest, BucketedGammaPV01, BucketedPV01, ExplainPresentValue, LegInitialNotional, LegPresentValue, PV01, ParRate, PresentValue]","FAIL: Measure not found in results: 'BucketedPV01'. Valid measure names: [AccruedInterest, BucketedGammaPV01, BucketedPV01, ExplainPresentValue, LegInitialNotional, LegPresentValue, PV01, ParRate, PresentValue]",
1,SWP_DEUTSCHE BANK_31_DURATION,A,2014-12-17,2038-12-17,EUR,50000000,0.01463,0.0146832394,-57680.9872487336,-52287241.44354348,52229560.456294745,-101721.0430252657,"FAIL: Invalid measure name: CashFlows. Valid measure names: [AccruedInterest, BucketedGammaPV01, BucketedPV01, ExplainPresentValue, LegInitialNotional, LegPresentValue, PV01, ParRate, PresentValue]","FAIL: Measure not found in results: 'AccruedInterest'. Valid measure names: [AccruedInterest, BucketedGammaPV01, BucketedPV01, ExplainPresentValue, LegInitialNotional, LegPresentValue, PV01, ParRate, PresentValue]","FAIL: Measure not found in results: 'BucketedPV01'. Valid measure names: [AccruedInterest, BucketedGammaPV01, BucketedPV01, ExplainPresentValue, LegInitialNotional, LegPresentValue, PV01, ParRate, PresentValue]",
1,SWP_DEUTSCHE BANK_32_DURATION,A,2014-12-17,2038-12-17,EUR,50000000,0.01463,0.0146832394,-57680.9872487336,-52287241.44354348,52229560.456294745,-101721.0430252657,"FAIL: Invalid measure name: CashFlows. Valid measure names: [AccruedInterest, BucketedGammaPV01, BucketedPV01, ExplainPresentValue, LegInitialNotional, LegPresentValue, PV01, ParRate, PresentValue]","FAIL: Measure not found in results: 'AccruedInterest'. Valid measure names: [AccruedInterest, BucketedGammaPV01, BucketedPV01, ExplainPresentValue, LegInitialNotional, LegPresentValue, PV01, ParRate, PresentValue]","FAIL: Measure not found in results: 'BucketedPV01'. Valid measure names: [AccruedInterest, BucketedGammaPV01, BucketedPV01, ExplainPresentValue, LegInitialNotional, LegPresentValue, PV01, ParRate, PresentValue]",
1,SWP_DEUTSCHE BNK_45_DURATION,A,2015-07-01,2040-06-22,EUR,124500000,0.0165,0.0150934906,3890853.3421673924,-130126341.71658684,134017195.05875424,-272255.4571075744,"FAIL: Invalid measure name: CashFlows. Valid measure names: [AccruedInterest, BucketedGammaPV01, BucketedPV01, ExplainPresentValue, LegInitialNotional, LegPresentValue, PV01, ParRate, PresentValue]","FAIL: Measure not found in results: 'AccruedInterest'. Valid measure names: [AccruedInterest, BucketedGammaPV01, BucketedPV01, ExplainPresentValue, LegInitialNotional, LegPresentValue, PV01, ParRate, PresentValue]","FAIL: Measure not found in results: 'BucketedPV01'. Valid measure names: [AccruedInterest, BucketedGammaPV01, BucketedPV01, ExplainPresentValue, LegInitialNotional, LegPresentValue, PV01, ParRate, PresentValue]",
1,SWP_DEUTSCHE BNK_46_DURATION,A,2015-07-01,2040-06-22,EUR,124500000,0.0165,0.0150934906,3890853.3421673924,-130126341.71658684,134017195.05875424,-272255.4571075744,"FAIL: Invalid measure name: CashFlows. Valid measure names: [AccruedInterest, BucketedGammaPV01, BucketedPV01, ExplainPresentValue, LegInitialNotional, LegPresentValue, PV01, ParRate, PresentValue]","FAIL: Measure not found in results: 'AccruedInterest'. Valid measure names: [AccruedInterest, BucketedGammaPV01, BucketedPV01, ExplainPresentValue, LegInitialNotional, LegPresentValue, PV01, ParRate, PresentValue]","FAIL: Measure not found in results: 'BucketedPV01'. Valid measure names: [AccruedInterest, BucketedGammaPV01, BucketedPV01, ExplainPresentValue, LegInitialNotional, LegPresentValue, PV01, ParRate, PresentValue]",
1,SWP_DEUTSCHE BNK_47_DURATION,A,2015-07-01,2040-07-23,EUR,122000000,0.0165,0.0150930959,3824219.1197951436,-127503251.65382335,131327470.77361849,-267555.5894846623,"FAIL: Invalid measure name: CashFlows. Valid measure names: [AccruedInterest, BucketedGammaPV01, BucketedPV01, ExplainPresentValue, LegInitialNotional, LegPresentValue, PV01, ParRate, PresentValue]","FAIL: Measure not found in results: 'AccruedInterest'. Valid measure names: [AccruedInterest, BucketedGammaPV01, BucketedPV01, ExplainPresentValue, LegInitialNotional, LegPresentValue, PV01, ParRate, PresentValue]","FAIL: Measure not found in results: 'BucketedPV01'. Valid measure names: [AccruedInterest, BucketedGammaPV01, BucketedPV01, ExplainPresentValue, LegInitialNotional, LegPresentValue, PV01, ParRate, PresentValue]",
1,SWP_DEUTSCHE BNK_48_DURATION,A,2015-07-01,2040-07-23,EUR,122000000,0.0165,0.0150930959,3824219.1197951436,-127503251.65382335,131327470.77361849,-267555.5894846623,"FAIL: Invalid measure name: CashFlows. Valid measure names: [AccruedInterest, BucketedGammaPV01, BucketedPV01, ExplainPresentValue, LegInitialNotional, LegPresentValue, PV01, ParRate, PresentValue]","FAIL: Measure not found in results: 'AccruedInterest'. Valid measure names: [AccruedInterest, BucketedGammaPV01, BucketedPV01, ExplainPresentValue, LegInitialNotional, LegPresentValue, PV01, ParRate, PresentValue]","FAIL: Measure not found in results: 'BucketedPV01'. Valid measure names: [AccruedInterest, BucketedGammaPV01, BucketedPV01, ExplainPresentValue, LegInitialNotional, LegPresentValue, PV01, ParRate, PresentValue]",
1,SWP_GOLDMAN SACHS01_DURATION,A,2011-06-17,2037-06-19,EUR,39000000,0.04,0.0124498779,19582379.338929236,-40767149.35884561,60349528.69777484,-96202.8533869352,"FAIL: Invalid measure name: CashFlows. Valid measure names: [AccruedInterest, BucketedGammaPV01, BucketedPV01, ExplainPresentValue, LegInitialNotional, LegPresentValue, PV01, ParRate, PresentValue]","FAIL: Measure not found in results: 'AccruedInterest'. Valid measure names: [AccruedInterest, BucketedGammaPV01, BucketedPV01, ExplainPresentValue, LegInitialNotional, LegPresentValue, PV01, ParRate, PresentValue]","FAIL: Measure not found in results: 'BucketedPV01'. Valid measure names: [AccruedInterest, BucketedGammaPV01, BucketedPV01, ExplainPresentValue, LegInitialNotional, LegPresentValue, PV01, ParRate, PresentValue]",
1,SWP_GOLDMAN SACHS02_DURATION,A,2011-06-22,2040-06-25,EUR,23750000,0.0369,0.0127543235,11532945.89542614,-24822624.777221672,36355570.67264781,-64843.9637415991,"FAIL: Invalid measure name: CashFlows. Valid measure names: [AccruedInterest, BucketedGammaPV01, BucketedPV01, ExplainPresentValue, LegInitialNotional, LegPresentValue, PV01, ParRate, PresentValue]","FAIL: Measure not found in results: 'AccruedInterest'. Valid measure names: [AccruedInterest, BucketedGammaPV01, BucketedPV01, ExplainPresentValue, LegInitialNotional, LegPresentValue, PV01, ParRate, PresentValue]","FAIL: Measure not found in results: 'BucketedPV01'. Valid measure names: [AccruedInterest, BucketedGammaPV01, BucketedPV01, ExplainPresentValue, LegInitialNotional, LegPresentValue, PV01, ParRate, PresentValue]",
1,SWP_GOLDMAN SACHS03_DURATION,A,2011-06-23,2041-06-24,EUR,25000000,0.0369,0.0128116471,12526162.448503282,-26125086.552859504,38651249.001362786,-71020.5676531423,"FAIL: Invalid measure name: CashFlows. Valid measure names: [AccruedInterest, BucketedGammaPV01, BucketedPV01, ExplainPresentValue, LegInitialNotional, LegPresentValue, PV01, ParRate, PresentValue]","FAIL: Measure not found in results: 'AccruedInterest'. Valid measure names: [AccruedInterest, BucketedGammaPV01, BucketedPV01, ExplainPresentValue, LegInitialNotional, LegPresentValue, PV01, ParRate, PresentValue]","FAIL: Measure not found in results: 'BucketedPV01'. Valid measure names: [AccruedInterest, BucketedGammaPV01, BucketedPV01, ExplainPresentValue, LegInitialNotional, LegPresentValue, PV01, ParRate, PresentValue]",
1,SWP_GOLD. SACHS05_DURATION,A,2011-07-28,2037-07-28,EUR,39000000,0.04,0.0125249661,19474760.683917396,-40772054.61452655,60246815.29844394,-96228.8981936538,"FAIL: Invalid measure name: CashFlows. Valid measure names: [AccruedInterest, BucketedGammaPV01, BucketedPV01, ExplainPresentValue, LegInitialNotional, LegPresentValue, PV01, ParRate, PresentValue]","FAIL: Measure not found in results: 'AccruedInterest'. Valid measure names: [AccruedInterest, BucketedGammaPV01, BucketedPV01, ExplainPresentValue, LegInitialNotional, LegPresentValue, PV01, ParRate, PresentValue]","FAIL: Measure not found in results: 'BucketedPV01'. Valid measure names: [AccruedInterest, BucketedGammaPV01, BucketedPV01, ExplainPresentValue, LegInitialNotional, LegPresentValue, PV01, ParRate, PresentValue]",
1,SWP_GOLD. SACHS06_DURATION,A,2014-10-22,2027-10-22,EUR,135000000,0.0135,0.0111884618,3993033.6011116803,-140123129.2744131,144116162.8755248,-162793.7948581646,"FAIL: Invalid measure name: CashFlows. Valid measure names: [AccruedInterest, BucketedGammaPV01, BucketedPV01, ExplainPresentValue, LegInitialNotional, LegPresentValue, PV01, ParRate, PresentValue]","FAIL: Measure not found in results: 'AccruedInterest'. Valid measure names: [AccruedInterest, BucketedGammaPV01, BucketedPV01, ExplainPresentValue, LegInitialNotional, LegPresentValue, PV01, ParRate, PresentValue]","FAIL: Measure not found in results: 'BucketedPV01'. Valid measure names: [AccruedInterest, BucketedGammaPV01, BucketedPV01, ExplainPresentValue, LegInitialNotional, LegPresentValue, PV01, ParRate, PresentValue]",
1,SWP_GOLD. SACHS07_DURATION,A,2014-10-22,2038-10-22,EUR,80000000,0.017565,0.014579428,5185577.464731872,-83673508.92366761,88859086.38839948,-168602.1751130648,"FAIL: Invalid measure name: CashFlows. Valid measure names: [AccruedInterest, BucketedGammaPV01, BucketedPV01, ExplainPresentValue, LegInitialNotional, LegPresentValue, PV01, ParRate, PresentValue]","FAIL: Measure not found in results: 'AccruedInterest'. Valid measure names: [AccruedInterest, BucketedGammaPV01, BucketedPV01, ExplainPresentValue, LegInitialNotional, LegPresentValue, PV01, ParRate, PresentValue]","FAIL: Measure not found in results: 'BucketedPV01'. Valid measure names: [AccruedInterest, BucketedGammaPV01, BucketedPV01, ExplainPresentValue, LegInitialNotional, LegPresentValue, PV01, ParRate, PresentValue]",
1,SWP_GOLDMAN SACH_08_DURATION,A,2014-10-24,2028-10-24,EUR,125000000,0.01456,0.0118567357,4624999.34652853,-129952959.05892688,134577958.4054554,-161952.8862137305,"FAIL: Invalid measure name: CashFlows. Valid measure names: [AccruedInterest, BucketedGammaPV01, BucketedPV01, ExplainPresentValue, LegInitialNotional, LegPresentValue, PV01, ParRate, PresentValue]","FAIL: Measure not found in results: 'AccruedInterest'. Valid measure names: [AccruedInterest, BucketedGammaPV01, BucketedPV01, ExplainPresentValue, LegInitialNotional, LegPresentValue, PV01, ParRate, PresentValue]","FAIL: Measure not found in results: 'BucketedPV01'. Valid measure names: [AccruedInterest, BucketedGammaPV01, BucketedPV01, ExplainPresentValue, LegInitialNotional, LegPresentValue, PV01, ParRate, PresentValue]",
1,SWP_GOLDMAN SACH_09_DURATION,A,2014-10-24,2038-10-25,EUR,80000000,0.017975,0.0145829134,5891775.284921885,-83672391.52639566,89564166.81131755,-169381.8062371989,"FAIL: Invalid measure name: CashFlows. Valid measure names: [AccruedInterest, BucketedGammaPV01, BucketedPV01, ExplainPresentValue, LegInitialNotional, LegPresentValue, PV01, ParRate, PresentValue]","FAIL: Measure not found in results: 'AccruedInterest'. Valid measure names: [AccruedInterest, BucketedGammaPV01, BucketedPV01, ExplainPresentValue, LegInitialNotional, LegPresentValue, PV01, ParRate, PresentValue]","FAIL: Measure not found in results: 'BucketedPV01'. Valid measure names: [AccruedInterest, BucketedGammaPV01, BucketedPV01, ExplainPresentValue, LegInitialNotional, LegPresentValue, PV01, ParRate, PresentValue]",
1,SWP_GOLDMAN SACH_10_DURATION,A,2014-10-29,2027-10-29,EUR,135000000,0.01405,0.01121854,4890326.510310292,-140128148.15907612,145018474.66938642,-163311.1999341728,"FAIL: Invalid measure name: CashFlows. Valid measure names: [AccruedInterest, BucketedGammaPV01, BucketedPV01, ExplainPresentValue, LegInitialNotional, LegPresentValue, PV01, ParRate, PresentValue]","FAIL: Measure not found in results: 'AccruedInterest'. Valid measure names: [AccruedInterest, BucketedGammaPV01, BucketedPV01, ExplainPresentValue, LegInitialNotional, LegPresentValue, PV01, ParRate, PresentValue]","FAIL: Measure not found in results: 'BucketedPV01'. Valid measure names: [AccruedInterest, BucketedGammaPV01, BucketedPV01, ExplainPresentValue, LegInitialNotional, LegPresentValue, PV01, ParRate, PresentValue]",
1,SWP_GOLDMAN SACH_11_DURATION,A,2014-10-29,2038-10-29,EUR,80000000,0.01816,0.014591644,6196295.514127597,-83670514.04267633,89866809.55680393,-169693.2000352663,"FAIL: Invalid measure name: CashFlows. Valid measure names: [AccruedInterest, BucketedGammaPV01, BucketedPV01, ExplainPresentValue, LegInitialNotional, LegPresentValue, PV01, ParRate, PresentValue]","FAIL: Measure not found in results: 'AccruedInterest'. Valid measure names: [AccruedInterest, BucketedGammaPV01, BucketedPV01, ExplainPresentValue, LegInitialNotional, LegPresentValue, PV01, ParRate, PresentValue]","FAIL: Measure not found in results: 'BucketedPV01'. Valid measure names: [AccruedInterest, BucketedGammaPV01, BucketedPV01, ExplainPresentValue, LegInitialNotional, LegPresentValue, PV01, ParRate, PresentValue]",
1,SWP_GOLDMAN SACHS_12_DURATION,A,2014-11-03,2038-11-03,EUR,80000000,0.01739,0.0146004554,4843080.116452947,-83668508.95410635,88511589.0705593,-168199.3255451274,"FAIL: Invalid measure name: CashFlows. Valid measure names: [AccruedInterest, BucketedGammaPV01, BucketedPV01, ExplainPresentValue, LegInitialNotional, LegPresentValue, PV01, ParRate, PresentValue]","FAIL: Measure not found in results: 'AccruedInterest'. Valid measure names: [AccruedInterest, BucketedGammaPV01, BucketedPV01, ExplainPresentValue, LegInitialNotional, LegPresentValue, PV01, ParRate, PresentValue]","FAIL: Measure not found in results: 'BucketedPV01'. Valid measure names: [AccruedInterest, BucketedGammaPV01, BucketedPV01, ExplainPresentValue, LegInitialNotional, LegPresentValue, PV01, ParRate, PresentValue]",
1,SWP_GOLDMAN SACHS_13_DURATION,A,2014-11-03,2028-11-03,EUR,125000000,0.0141,0.0118974676,3767303.418268889,-129958315.64842528,133725619.06669417,-161349.0092379376,"FAIL: Invalid measure name: CashFlows. Valid measure names: [AccruedInterest, BucketedGammaPV01, BucketedPV01, ExplainPresentValue, LegInitialNotional, LegPresentValue, PV01, ParRate, PresentValue]","FAIL: Measure not found in results: 'AccruedInterest'. Valid measure names: [AccruedInterest, BucketedGammaPV01, BucketedPV01, ExplainPresentValue, LegInitialNotional, LegPresentValue, PV01, ParRate, PresentValue]","FAIL: Measure not found in results: 'BucketedPV01'. Valid measure names: [AccruedInterest, BucketedGammaPV01, BucketedPV01, ExplainPresentValue, LegInitialNotional, LegPresentValue, PV01, ParRate, PresentValue]",
1,SWP_GOLDMAN SACH_14_DURATION,A,2014-11-05,2027-11-05,EUR,135000000,0.0134,0.011248691,3714972.0110476315,-140133210.44259292,143848182.45364055,-162634.3275953167,"FAIL: Invalid measure name: CashFlows. Valid measure names: [AccruedInterest, BucketedGammaPV01, BucketedPV01, ExplainPresentValue, LegInitialNotional, LegPresentValue, PV01, ParRate, PresentValue]","FAIL: Measure not found in results: 'AccruedInterest'. Valid measure names: [AccruedInterest, BucketedGammaPV01, BucketedPV01, ExplainPresentValue, LegInitialNotional, LegPresentValue, PV01, ParRate, PresentValue]","FAIL: Measure not found in results: 'BucketedPV01'. Valid measure names: [AccruedInterest, BucketedGammaPV01, BucketedPV01, ExplainPresentValue, LegInitialNotional, LegPresentValue, PV01, ParRate, PresentValue]",
1,SWP_GOLDMAN SACH_15_DURATION,A,2014-11-05,2038-11-05,EUR,80000000,0.01754,0.0146045989,5095955.238302156,-83668783.72478957,88764738.96309173,-168514.9383269482,"FAIL: Invalid measure name: CashFlows. Valid measure names: [AccruedInterest, BucketedGammaPV01, BucketedPV01, ExplainPresentValue, LegInitialNotional, LegPresentValue, PV01, ParRate, PresentValue]","FAIL: Measure not found in results: 'AccruedInterest'. Valid measure names: [AccruedInterest, BucketedGammaPV01, BucketedPV01, ExplainPresentValue, LegInitialNotional, LegPresentValue, PV01, ParRate, PresentValue]","FAIL: Measure not found in results: 'BucketedPV01'. Valid measure names: [AccruedInterest, BucketedGammaPV01, BucketedPV01, ExplainPresentValue, LegInitialNotional, LegPresentValue, PV01, ParRate, PresentValue]",
1,SWP_GOLDMAN SACHS_34_DURATION,A,2015-07-01,2040-06-15,EUR,108500000,0.0168,0.0150939341,4110482.492775619,-113406380.44109342,117516862.93386903,-237971.0099216906,"FAIL: Invalid measure name: CashFlows. Valid measure names: [AccruedInterest, BucketedGammaPV01, BucketedPV01, ExplainPresentValue, LegInitialNotional, LegPresentValue, PV01, ParRate, PresentValue]","FAIL: Measure not found in results: 'AccruedInterest'. Valid measure names: [AccruedInterest, BucketedGammaPV01, BucketedPV01, ExplainPresentValue, LegInitialNotional, LegPresentValue, PV01, ParRate, PresentValue]","FAIL: Measure not found in results: 'BucketedPV01'. Valid measure names: [AccruedInterest, BucketedGammaPV01, BucketedPV01, ExplainPresentValue, LegInitialNotional, LegPresentValue, PV01, ParRate, PresentValue]",
1,SWP_GOLDMAN SACHS_35_DURATION,A,2015-07-01,2040-08-15,EUR,106500000,0.0168,0.0150927624,4059215.810237214,-111297651.42629513,115356867.23653235,-234913.5613557554,"FAIL: Invalid measure name: CashFlows. Valid measure names: [AccruedInterest, BucketedGammaPV01, BucketedPV01, ExplainPresentValue, LegInitialNotional, LegPresentValue, PV01, ParRate, PresentValue]","FAIL: Measure not found in results: 'AccruedInterest'. Valid measure names: [AccruedInterest, BucketedGammaPV01, BucketedPV01, ExplainPresentValue, LegInitialNotional, LegPresentValue, PV01, ParRate, PresentValue]","FAIL: Measure not found in results: 'BucketedPV01'. Valid measure names: [AccruedInterest, BucketedGammaPV01, BucketedPV01, ExplainPresentValue, LegInitialNotional, LegPresentValue, PV01, ParRate, PresentValue]",
1,SWP_GOLDMAN SACHS_36_DURATION,A,2015-07-01,2040-08-15,EUR,106500000,0.0168,0.0150927624,4059215.810237214,-111297651.42629513,115356867.23653235,-234913.5613557554,"FAIL: Invalid measure name: CashFlows. Valid measure names: [AccruedInterest, BucketedGammaPV01, BucketedPV01, ExplainPresentValue, LegInitialNotional, LegPresentValue, PV01, ParRate, PresentValue]","FAIL: Measure not found in results: 'AccruedInterest'. Valid measure names: [AccruedInterest, BucketedGammaPV01, BucketedPV01, ExplainPresentValue, LegInitialNotional, LegPresentValue, PV01, ParRate, PresentValue]","FAIL: Measure not found in results: 'BucketedPV01'. Valid measure names: [AccruedInterest, BucketedGammaPV01, BucketedPV01, ExplainPresentValue, LegInitialNotional, LegPresentValue, PV01, ParRate, PresentValue]",
1,SWP_GOLDMAN SACHS_37_DURATION,A,2015-07-01,2040-05-15,EUR,108500000,0.0168,0.0150951806,4096332.0532504767,-113418229.74695216,117514561.80020264,-237276.5469928794,"FAIL: Invalid measure name: CashFlows. Valid measure names: [AccruedInterest, BucketedGammaPV01, BucketedPV01, ExplainPresentValue, LegInitialNotional, LegPresentValue, PV01, ParRate, PresentValue]","FAIL: Measure not found in results: 'AccruedInterest'. Valid measure names: [AccruedInterest, BucketedGammaPV01, BucketedPV01, ExplainPresentValue, LegInitialNotional, LegPresentValue, PV01, ParRate, PresentValue]","FAIL: Measure not found in results: 'BucketedPV01'. Valid measure names: [AccruedInterest, BucketedGammaPV01, BucketedPV01, ExplainPresentValue, LegInitialNotional, LegPresentValue, PV01, ParRate, PresentValue]",
1,SWP_GOLDMAN SACHS_38_DURATION,A,2015-07-01,2040-07-16,EUR,106500000,0.0168,0.0150930617,4047783.803257376,-111305671.96837366,115353455.77163103,-234262.0681335329,"FAIL: Invalid measure name: CashFlows. Valid measure names: [AccruedInterest, BucketedGammaPV01, BucketedPV01, ExplainPresentValue, LegInitialNotional, LegPresentValue, PV01, ParRate, PresentValue]","FAIL: Measure not found in results: 'AccruedInterest'. Valid measure names: [AccruedInterest, BucketedGammaPV01, BucketedPV01, ExplainPresentValue, LegInitialNotional, LegPresentValue, PV01, ParRate, PresentValue]","FAIL: Measure not found in results: 'BucketedPV01'. Valid measure names: [AccruedInterest, BucketedGammaPV01, BucketedPV01, ExplainPresentValue, LegInitialNotional, LegPresentValue, PV01, ParRate, PresentValue]",
1,SWP_GOLDMAN SACHS_39_DURATION,A,2015-07-01,2040-05-15,EUR,108500000,0.0168,0.0150951806,4096332.0532504767,-113418229.74695216,117514561.80020264,-237276.5469928794,"FAIL: Invalid measure name: CashFlows. Valid measure names: [AccruedInterest, BucketedGammaPV01, BucketedPV01, ExplainPresentValue, LegInitialNotional, LegPresentValue, PV01, ParRate, PresentValue]","FAIL: Measure not found in results: 'AccruedInterest'. Valid measure names: [AccruedInterest, BucketedGammaPV01, BucketedPV01, ExplainPresentValue, LegInitialNotional, LegPresentValue, PV01, ParRate, PresentValue]","FAIL: Measure not found in results: 'BucketedPV01'. Valid measure names: [AccruedInterest, BucketedGammaPV01, BucketedPV01, ExplainPresentValue, LegInitialNotional, LegPresentValue, PV01, ParRate, PresentValue]",
1,SWP_GOLDMAN SACHS_40_DURATION,A,2015-07-01,2040-06-15,EUR,108500000,0.0168,0.0150939341,4110482.492775619,-113406380.44109342,117516862.93386903,-237971.0099216906,"FAIL: Invalid measure name: CashFlows. Valid measure names: [AccruedInterest, BucketedGammaPV01, BucketedPV01, ExplainPresentValue, LegInitialNotional, LegPresentValue, PV01, ParRate, PresentValue]","FAIL: Measure not found in results: 'AccruedInterest'. Valid measure names: [AccruedInterest, BucketedGammaPV01, BucketedPV01, ExplainPresentValue, LegInitialNotional, LegPresentValue, PV01, ParRate, PresentValue]","FAIL: Measure not found in results: 'BucketedPV01'. Valid measure names: [AccruedInterest, BucketedGammaPV01, BucketedPV01, ExplainPresentValue, LegInitialNotional, LegPresentValue, PV01, ParRate, PresentValue]",
1,SWP_GOLDMAN SACHS_41_DURATION,A,2015-07-01,2040-07-16,EUR,106500000,0.0168,0.0150930617,4047783.803257376,-111305671.96837366,115353455.77163103,-234262.0681335329,"FAIL: Invalid measure name: CashFlows. Valid measure names: [AccruedInterest, BucketedGammaPV01, BucketedPV01, ExplainPresentValue, LegInitialNotional, LegPresentValue, PV01, ParRate, PresentValue]","FAIL: Measure not found in results: 'AccruedInterest'. Valid measure names: [AccruedInterest, BucketedGammaPV01, BucketedPV01, ExplainPresentValue, LegInitialNotional, LegPresentValue, PV01, ParRate, PresentValue]","FAIL: Measure not found in results: 'BucketedPV01'. Valid measure names: [AccruedInterest, BucketedGammaPV01, BucketedPV01, ExplainPresentValue, LegInitialNotional, LegPresentValue, PV01, ParRate, PresentValue]",
1,SWP_GOLDMAN SACHS_42_DURATION,A,2015-07-24,2035-07-30,EUR,28750000,0.03,0.0148581744,8059640.244891714,-29998110.71300519,38057750.9578969,-59261.5401480023,"FAIL: Invalid measure name: CashFlows. Valid measure names: [AccruedInterest, BucketedGammaPV01, BucketedPV01, ExplainPresentValue, LegInitialNotional, LegPresentValue, PV01, ParRate, PresentValue]","FAIL: Measure not found in results: 'AccruedInterest'. Valid measure names: [AccruedInterest, BucketedGammaPV01, BucketedPV01, ExplainPresentValue, LegInitialNotional, LegPresentValue, PV01, ParRate, PresentValue]","FAIL: Measure not found in results: 'BucketedPV01'. Valid measure names: [AccruedInterest, BucketedGammaPV01, BucketedPV01, ExplainPresentValue, LegInitialNotional, LegPresentValue, PV01, ParRate, PresentValue]",
1,SWP_HSBC01_DURATION,A,2013-06-19,2033-06-20,EUR,80700000,0.02356,0.0128386117,12565302.496394813,-84397292.50926182,96962595.00565663,-142979.4860173501,"FAIL: Invalid measure name: CashFlows. Valid measure names: [AccruedInterest, BucketedGammaPV01, BucketedPV01, ExplainPresentValue, LegInitialNotional, LegPresentValue, PV01, ParRate, PresentValue]","FAIL: Measure not found in results: 'AccruedInterest'. Valid measure names: [AccruedInterest, BucketedGammaPV01, BucketedPV01, ExplainPresentValue, LegInitialNotional, LegPresentValue, PV01, ParRate, PresentValue]","FAIL: Measure not found in results: 'BucketedPV01'. Valid measure names: [AccruedInterest, BucketedGammaPV01, BucketedPV01, ExplainPresentValue, LegInitialNotional, LegPresentValue, PV01, ParRate, PresentValue]",
1,SWP_HSBC02_DURATION,A,2014-07-28,2044-07-28,EUR,135000000,0.02352,0.0145474039,28273760.50057292,-141179108.32199574,169452868.82256866,-366494.8629055914,"FAIL: Invalid measure name: CashFlows. Valid measure names: [AccruedInterest, BucketedGammaPV01, BucketedPV01, ExplainPresentValue, LegInitialNotional, LegPresentValue, PV01, ParRate, PresentValue]","FAIL: Measure not found in results: 'AccruedInterest'. Valid measure names: [AccruedInterest, BucketedGammaPV01, BucketedPV01, ExplainPresentValue, LegInitialNotional, LegPresentValue, PV01, ParRate, PresentValue]","FAIL: Measure not found in results: 'BucketedPV01'. Valid measure names: [AccruedInterest, BucketedGammaPV01, BucketedPV01, ExplainPresentValue, LegInitialNotional, LegPresentValue, PV01, ParRate, PresentValue]",
1,SWP_JP MORGAN33_DURATION,A,2011-07-28,2040-07-30,EUR,23750000,0.0369,0.0128078762,11480990.497977208,-24819895.620851595,36300886.1188288,-64860.1352629135,"FAIL: Invalid measure name: CashFlows. Valid measure names: [AccruedInterest, BucketedGammaPV01, BucketedPV01, ExplainPresentValue, LegInitialNotional, LegPresentValue, PV01, ParRate, PresentValue]","FAIL: Measure not found in results: 'AccruedInterest'. Valid measure names: [AccruedInterest, BucketedGammaPV01, BucketedPV01, ExplainPresentValue, LegInitialNotional, LegPresentValue, PV01, ParRate, PresentValue]","FAIL: Measure not found in results: 'BucketedPV01'. Valid measure names: [AccruedInterest, BucketedGammaPV01, BucketedPV01, ExplainPresentValue, LegInitialNotional, LegPresentValue, PV01, ParRate, PresentValue]",
1,SWP_JPMORGAN34_DURATION,A,2011-08-01,2051-07-31,EUR,187000000,0.0305,0.0133349414,84382435.30433002,-195987268.35878727,280369703.6631173,-677353.9924146843,"FAIL: Invalid measure name: CashFlows. Valid measure names: [AccruedInterest, BucketedGammaPV01, BucketedPV01, ExplainPresentValue, LegInitialNotional, LegPresentValue, PV01, ParRate, PresentValue]","FAIL: Measure not found in results: 'AccruedInterest'. Valid measure names: [AccruedInterest, BucketedGammaPV01, BucketedPV01, ExplainPresentValue, LegInitialNotional, LegPresentValue, PV01, ParRate, PresentValue]","FAIL: Measure not found in results: 'BucketedPV01'. Valid measure names: [AccruedInterest, BucketedGammaPV01, BucketedPV01, ExplainPresentValue, LegInitialNotional, LegPresentValue, PV01, ParRate, PresentValue]",
1,SWP_JP MORGAN38_DURATION,A,2014-12-10,2035-12-10,EUR,250000000,0.015985,0.0144217099,7590631.372074157,-260831953.51322576,268422584.88529992,-461358.813669351,"FAIL: Invalid measure name: CashFlows. Valid measure names: [AccruedInterest, BucketedGammaPV01, BucketedPV01, ExplainPresentValue, LegInitialNotional, LegPresentValue, PV01, ParRate, PresentValue]","FAIL: Measure not found in results: 'AccruedInterest'. Valid measure names: [AccruedInterest, BucketedGammaPV01, BucketedPV01, ExplainPresentValue, LegInitialNotional, LegPresentValue, PV01, ParRate, PresentValue]","FAIL: Measure not found in results: 'BucketedPV01'. Valid measure names: [AccruedInterest, BucketedGammaPV01, BucketedPV01, ExplainPresentValue, LegInitialNotional, LegPresentValue, PV01, ParRate, PresentValue]",
1,SWP_JP MORGAN39_DURATION,A,2014-12-10,2035-12-10,EUR,250000000,0.015985,0.0144217099,7590631.372074157,-260831953.51322576,268422584.88529992,-461358.813669351,"FAIL: Invalid measure name: CashFlows. Valid measure names: [AccruedInterest, BucketedGammaPV01, BucketedPV01, ExplainPresentValue, LegInitialNotional, LegPresentValue, PV01, ParRate, PresentValue]","FAIL: Measure not found in results: 'AccruedInterest'. Valid measure names: [AccruedInterest, BucketedGammaPV01, BucketedPV01, ExplainPresentValue, LegInitialNotional, LegPresentValue, PV01, ParRate, PresentValue]","FAIL: Measure not found in results: 'BucketedPV01'. Valid measure names: [AccruedInterest, BucketedGammaPV01, BucketedPV01, ExplainPresentValue, LegInitialNotional, LegPresentValue, PV01, ParRate, PresentValue]",
1,SWP_JP MORGAN44 _DURATION,A,2015-07-01,2040-07-09,EUR,19500000,0.017,0.0150929641,827512.2945721224,-20380175.69381115,21207687.98838327,-42968.9455253479,"FAIL: Invalid measure name: CashFlows. Valid measure names: [AccruedInterest, BucketedGammaPV01, BucketedPV01, ExplainPresentValue, LegInitialNotional, LegPresentValue, PV01, ParRate, PresentValue]","FAIL: Measure not found in results: 'AccruedInterest'. Valid measure names: [AccruedInterest, BucketedGammaPV01, BucketedPV01, ExplainPresentValue, LegInitialNotional, LegPresentValue, PV01, ParRate, PresentValue]","FAIL: Measure not found in results: 'BucketedPV01'. Valid measure names: [AccruedInterest, BucketedGammaPV01, BucketedPV01, ExplainPresentValue, LegInitialNotional, LegPresentValue, PV01, ParRate, PresentValue]",
1,SWP_JP MORGAN45 _DURATION,A,2015-07-01,2040-07-09,EUR,19500000,0.017,0.0150929641,827512.2945721224,-20380175.69381115,21207687.98838327,-42968.9455253479,"FAIL: Invalid measure name: CashFlows. Valid measure names: [AccruedInterest, BucketedGammaPV01, BucketedPV01, ExplainPresentValue, LegInitialNotional, LegPresentValue, PV01, ParRate, PresentValue]","FAIL: Measure not found in results: 'AccruedInterest'. Valid measure names: [AccruedInterest, BucketedGammaPV01, BucketedPV01, ExplainPresentValue, LegInitialNotional, LegPresentValue, PV01, ParRate, PresentValue]","FAIL: Measure not found in results: 'BucketedPV01'. Valid measure names: [AccruedInterest, BucketedGammaPV01, BucketedPV01, ExplainPresentValue, LegInitialNotional, LegPresentValue, PV01, ParRate, PresentValue]",
1,SWP_JP MORGAN46 _DURATION,A,2015-07-30,2040-07-30,EUR,15000000,0.0158,0.0151454484,218089.6762932036,-15675426.627555868,15893516.303849071,-32518.6440166017,"FAIL: Invalid measure name: CashFlows. Valid measure names: [AccruedInterest, BucketedGammaPV01, BucketedPV01, ExplainPresentValue, LegInitialNotional, LegPresentValue, PV01, ParRate, PresentValue]","FAIL: Measure not found in results: 'AccruedInterest'. Valid measure names: [AccruedInterest, BucketedGammaPV01, BucketedPV01, ExplainPresentValue, LegInitialNotional, LegPresentValue, PV01, ParRate, PresentValue]","FAIL: Measure not found in results: 'BucketedPV01'. Valid measure names: [AccruedInterest, BucketedGammaPV01, BucketedPV01, ExplainPresentValue, LegInitialNotional, LegPresentValue, PV01, ParRate, PresentValue]",
1,SWP_JP MORGAN47 _DURATION,A,2015-07-30,2040-07-30,EUR,15000000,0.0158,0.0151454484,218089.6762932036,-15675426.627555868,15893516.303849071,-32518.6440166017,"FAIL: Invalid measure name: CashFlows. Valid measure names: [AccruedInterest, BucketedGammaPV01, BucketedPV01, ExplainPresentValue, LegInitialNotional, LegPresentValue, PV01, ParRate, PresentValue]","FAIL: Measure not found in results: 'AccruedInterest'. Valid measure names: [AccruedInterest, BucketedGammaPV01, BucketedPV01, ExplainPresentValue, LegInitialNotional, LegPresentValue, PV01, ParRate, PresentValue]","FAIL: Measure not found in results: 'BucketedPV01'. Valid measure names: [AccruedInterest, BucketedGammaPV01, BucketedPV01, ExplainPresentValue, LegInitialNotional, LegPresentValue, PV01, ParRate, PresentValue]",
1,SWP_RABOBANK_01_DURATION,A,2011-07-28,2041-07-29,EUR,25000000,0.0369,0.012863546,12472821.469966903,-26125790.45239696,38598611.92236386,-71041.337561663,"FAIL: Invalid measure name: CashFlows. Valid measure names: [AccruedInterest, BucketedGammaPV01, BucketedPV01, ExplainPresentValue, LegInitialNotional, LegPresentValue, PV01, ParRate, PresentValue]","FAIL: Measure not found in results: 'AccruedInterest'. Valid measure names: [AccruedInterest, BucketedGammaPV01, BucketedPV01, ExplainPresentValue, LegInitialNotional, LegPresentValue, PV01, ParRate, PresentValue]","FAIL: Measure not found in results: 'BucketedPV01'. Valid measure names: [AccruedInterest, BucketedGammaPV01, BucketedPV01, ExplainPresentValue, LegInitialNotional, LegPresentValue, PV01, ParRate, PresentValue]",
1,SWP_RABOBANK 28_DURATION,A,2014-10-20,2022-10-20,EUR,210000000,0.0079,0.0062913201,2731078.9498405457,-215510649.21077862,218241728.16061917,-156690.4378202177,"FAIL: Invalid measure name: CashFlows. Valid measure names: [AccruedInterest, BucketedGammaPV01, BucketedPV01, ExplainPresentValue, LegInitialNotional, LegPresentValue, PV01, ParRate, PresentValue]","FAIL: Measure not found in results: 'AccruedInterest'. Valid measure names: [AccruedInterest, BucketedGammaPV01, BucketedPV01, ExplainPresentValue, LegInitialNotional, LegPresentValue, PV01, ParRate, PresentValue]","FAIL: Measure not found in results: 'BucketedPV01'. Valid measure names: [AccruedInterest, BucketedGammaPV01, BucketedPV01, ExplainPresentValue, LegInitialNotional, LegPresentValue, PV01, ParRate, PresentValue]",
1,SWP_RABOBANK 29_DURATION,A,2014-10-20,2037-10-20,EUR,80000000,0.016525,0.014521515,3361513.0610895455,-83663186.1246346,87024699.18572414,-160667.7099954583,"FAIL: Invalid measure name: CashFlows. Valid measure names: [AccruedInterest, BucketedGammaPV01, BucketedPV01, ExplainPresentValue, LegInitialNotional, LegPresentValue, PV01, ParRate, PresentValue]","FAIL: Measure not found in results: 'AccruedInterest'. Valid measure names: [AccruedInterest, BucketedGammaPV01, BucketedPV01, ExplainPresentValue, LegInitialNotional, LegPresentValue, PV01, ParRate, PresentValue]","FAIL: Measure not found in results: 'BucketedPV01'. Valid measure names: [AccruedInterest, BucketedGammaPV01, BucketedPV01, ExplainPresentValue, LegInitialNotional, LegPresentValue, PV01, ParRate, PresentValue]",
1,SWP_RABOBANK_30_DURATION,A,2014-10-24,2023-10-24,EUR,195000000,0.01,0.007497454,4420651.536733836,-200722760.37186724,205143411.90860108,-164581.1058131229,"FAIL: Invalid measure name: CashFlows. Valid measure names: [AccruedInterest, BucketedGammaPV01, BucketedPV01, ExplainPresentValue, LegInitialNotional, LegPresentValue, PV01, ParRate, PresentValue]","FAIL: Measure not found in results: 'AccruedInterest'. Valid measure names: [AccruedInterest, BucketedGammaPV01, BucketedPV01, ExplainPresentValue, LegInitialNotional, LegPresentValue, PV01, ParRate, PresentValue]","FAIL: Measure not found in results: 'BucketedPV01'. Valid measure names: [AccruedInterest, BucketedGammaPV01, BucketedPV01, ExplainPresentValue, LegInitialNotional, LegPresentValue, PV01, ParRate, PresentValue]",
1,SWP_RABOBANK_31_DURATION,A,2014-10-24,2037-10-26,EUR,85000000,0.018,0.0145304541,6185495.375414461,-88893029.74279891,95078525.11821337,-173455.5610295652,"FAIL: Invalid measure name: CashFlows. Valid measure names: [AccruedInterest, BucketedGammaPV01, BucketedPV01, ExplainPresentValue, LegInitialNotional, LegPresentValue, PV01, ParRate, PresentValue]","FAIL: Measure not found in results: 'AccruedInterest'. Valid measure names: [AccruedInterest, BucketedGammaPV01, BucketedPV01, ExplainPresentValue, LegInitialNotional, LegPresentValue, PV01, ParRate, PresentValue]","FAIL: Measure not found in results: 'BucketedPV01'. Valid measure names: [AccruedInterest, BucketedGammaPV01, BucketedPV01, ExplainPresentValue, LegInitialNotional, LegPresentValue, PV01, ParRate, PresentValue]",
1,SWP_RABOBANK_32_DURATION,A,2014-10-29,2022-10-31,EUR,210000000,0.00865,0.0063471865,3911711.240267396,-215531445.24803934,219443156.48830673,-157208.881812093,"FAIL: Invalid measure name: CashFlows. Valid measure names: [AccruedInterest, BucketedGammaPV01, BucketedPV01, ExplainPresentValue, LegInitialNotional, LegPresentValue, PV01, ParRate, PresentValue]","FAIL: Measure not found in results: 'AccruedInterest'. Valid measure names: [AccruedInterest, BucketedGammaPV01, BucketedPV01, ExplainPresentValue, LegInitialNotional, LegPresentValue, PV01, ParRate, PresentValue]","FAIL: Measure not found in results: 'BucketedPV01'. Valid measure names: [AccruedInterest, BucketedGammaPV01, BucketedPV01, ExplainPresentValue, LegInitialNotional, LegPresentValue, PV01, ParRate, PresentValue]",
1,SWP_RABOBANK_33_DURATION,A,2014-10-29,2037-10-29,EUR,85000000,0.01786,0.0145401926,5916380.894108519,-88892684.45445828,94809065.3485668,-173135.5142791067,"FAIL: Invalid measure name: CashFlows. Valid measure names: [AccruedInterest, BucketedGammaPV01, BucketedPV01, ExplainPresentValue, LegInitialNotional, LegPresentValue, PV01, ParRate, PresentValue]","FAIL: Measure not found in results: 'AccruedInterest'. Valid measure names: [AccruedInterest, BucketedGammaPV01, BucketedPV01, ExplainPresentValue, LegInitialNotional, LegPresentValue, PV01, ParRate, PresentValue]","FAIL: Measure not found in results: 'BucketedPV01'. Valid measure names: [AccruedInterest, BucketedGammaPV01, BucketedPV01, ExplainPresentValue, LegInitialNotional, LegPresentValue, PV01, ParRate, PresentValue]",
1,SWP_SG01_DURATION,A,2011-06-16,2035-06-11,EUR,28750000,0.03,0.0121091288,8114214.9126783535,-30008495.71910654,38122710.63178489,-59191.1137936254,"FAIL: Invalid measure name: CashFlows. Valid measure names: [AccruedInterest, BucketedGammaPV01, BucketedPV01, ExplainPresentValue, LegInitialNotional, LegPresentValue, PV01, ParRate, PresentValue]","FAIL: Measure not found in results: 'AccruedInterest'. Valid measure names: [AccruedInterest, BucketedGammaPV01, BucketedPV01, ExplainPresentValue, LegInitialNotional, LegPresentValue, PV01, ParRate, PresentValue]","FAIL: Measure not found in results: 'BucketedPV01'. Valid measure names: [AccruedInterest, BucketedGammaPV01, BucketedPV01, ExplainPresentValue, LegInitialNotional, LegPresentValue, PV01, ParRate, PresentValue]",
1,SWP_SG02_DURATION,A,2011-06-20,2051-06-19,EUR,60000000,0.0325,0.0132862139,30760334.864608422,-62879479.67195581,93639814.53656423,-223205.7250946731,"FAIL: Invalid measure name: CashFlows. Valid measure names: [AccruedInterest, BucketedGammaPV01, BucketedPV01, ExplainPresentValue, LegInitialNotional, LegPresentValue, PV01, ParRate, PresentValue]","FAIL: Measure not found in results: 'AccruedInterest'. Valid measure names: [AccruedInterest, BucketedGammaPV01, BucketedPV01, ExplainPresentValue, LegInitialNotional, LegPresentValue, PV01, ParRate, PresentValue]","FAIL: Measure not found in results: 'BucketedPV01'. Valid measure names: [AccruedInterest, BucketedGammaPV01, BucketedPV01, ExplainPresentValue, LegInitialNotional, LegPresentValue, PV01, ParRate, PresentValue]",
1,SWP_SG04_DURATION,A,2013-04-24,2033-04-25,EUR,35000000,0.02175,,"FAIL: Unable to calculate measure 'PresentValue'. Reason: [AccruedInterest, BucketedGammaPV01, BucketedPV01, ExplainPresentValue, LegInitialNotional, LegPresentValue, PV01, ParRate, PresentValue] - [Schedule calculation resulted in duplicate adjusted dates: [2013-04-24, 2014-04-24, 2015-04-24, 2016-04-25, 2017-04-24, 2018-04-24, 2019-04-24, 2020-04-24, 2021-04-26, 2022-04-25, 2023-04-24, 2024-04-24, 2025-04-24, 2026-04-24, 2027-04-26, 2028-04-24, 2029-04-24, 2030-04-24, 2031-04-24, 2032-04-26, 2033-04-25, 2033-04-25]]","FAIL: Unable to calculate measure 'LegPresentValue'. Reason: [AccruedInterest, BucketedGammaPV01, BucketedPV01, ExplainPresentValue, LegInitialNotional, LegPresentValue, PV01, ParRate, PresentValue] - [Schedule calculation resulted in duplicate adjusted dates: [2013-04-24, 2014-04-24, 2015-04-24, 2016-04-25, 2017-04-24, 2018-04-24, 2019-04-24, 2020-04-24, 2021-04-26, 2022-04-25, 2023-04-24, 2024-04-24, 2025-04-24, 2026-04-24, 2027-04-26, 2028-04-24, 2029-04-24, 2030-04-24, 2031-04-24, 2032-04-26, 2033-04-25, 2033-04-25]]","FAIL: Unable to calculate measure 'LegPresentValue'. Reason: [AccruedInterest, BucketedGammaPV01, BucketedPV01, ExplainPresentValue, LegInitialNotional, LegPresentValue, PV01, ParRate, PresentValue] - [Schedule calculation resulted in duplicate adjusted dates: [2013-04-24, 2014-04-24, 2015-04-24, 2016-04-25, 2017-04-24, 2018-04-24, 2019-04-24, 2020-04-24, 2021-04-26, 2022-04-25, 2023-04-24, 2024-04-24, 2025-04-24, 2026-04-24, 2027-04-26, 2028-04-24, 2029-04-24, 2030-04-24, 2031-04-24, 2032-04-26, 2033-04-25, 2033-04-25]]","FAIL: Unable to calculate measure 'PV01'. Reason: [AccruedInterest, BucketedGammaPV01, BucketedPV01, ExplainPresentValue, LegInitialNotional, LegPresentValue, PV01, ParRate, PresentValue] - [Schedule calculation resulted in duplicate adjusted dates: [2013-04-24, 2014-04-24, 2015-04-24, 2016-04-25, 2017-04-24, 2018-04-24, 2019-04-24, 2020-04-24, 2021-04-26, 2022-04-25, 2023-04-24, 2024-04-24, 2025-04-24, 2026-04-24, 2027-04-26, 2028-04-24, 2029-04-24, 2030-04-24, 2031-04-24, 2032-04-26, 2033-04-25, 2033-04-25]]","FAIL: Invalid measure name: CashFlows. Valid measure names: [AccruedInterest, BucketedGammaPV01, BucketedPV01, ExplainPresentValue, LegInitialNotional, LegPresentValue, PV01, ParRate, PresentValue]","FAIL: Measure not found in results: 'AccruedInterest'. Valid measure names: [AccruedInterest, BucketedGammaPV01, BucketedPV01, ExplainPresentValue, LegInitialNotional, LegPresentValue, PV01, ParRate, PresentValue]","FAIL: Measure not found in results: 'BucketedPV01'. Valid measure names: [AccruedInterest, BucketedGammaPV01, BucketedPV01, ExplainPresentValue, LegInitialNotional, LegPresentValue, PV01, ParRate, PresentValue]",
1,SWP_SG05_DURATION,A,2013-04-24,2038-04-27,EUR,20000000,0.0223,,"FAIL: Unable to calculate measure 'PresentValue'. Reason: [AccruedInterest, BucketedGammaPV01, BucketedPV01, ExplainPresentValue, LegInitialNotional, LegPresentValue, PV01, ParRate, PresentValue] - [Schedule calculation resulted in duplicate adjusted dates: [2013-04-24, 2014-04-24, 2015-04-24, 2016-04-25, 2017-04-24, 2018-04-24, 2019-04-24, 2020-04-24, 2021-04-26, 2022-04-25, 2023-04-24, 2024-04-24, 2025-04-24, 2026-04-24, 2027-04-26, 2028-04-24, 2029-04-24, 2030-04-24, 2031-04-24, 2032-04-26, 2033-04-25, 2034-04-24, 2035-04-24, 2036-04-24, 2037-04-24, 2038-04-27, 2038-04-27]]","FAIL: Unable to calculate measure 'LegPresentValue'. Reason: [AccruedInterest, BucketedGammaPV01, BucketedPV01, ExplainPresentValue, LegInitialNotional, LegPresentValue, PV01, ParRate, PresentValue] - [Schedule calculation resulted in duplicate adjusted dates: [2013-04-24, 2014-04-24, 2015-04-24, 2016-04-25, 2017-04-24, 2018-04-24, 2019-04-24, 2020-04-24, 2021-04-26, 2022-04-25, 2023-04-24, 2024-04-24, 2025-04-24, 2026-04-24, 2027-04-26, 2028-04-24, 2029-04-24, 2030-04-24, 2031-04-24, 2032-04-26, 2033-04-25, 2034-04-24, 2035-04-24, 2036-04-24, 2037-04-24, 2038-04-27, 2038-04-27]]","FAIL: Unable to calculate measure 'LegPresentValue'. Reason: [AccruedInterest, BucketedGammaPV01, BucketedPV01, ExplainPresentValue, LegInitialNotional, LegPresentValue, PV01, ParRate, PresentValue] - [Schedule calculation resulted in duplicate adjusted dates: [2013-04-24, 2014-04-24, 2015-04-24, 2016-04-25, 2017-04-24, 2018-04-24, 2019-04-24, 2020-04-24, 2021-04-26, 2022-04-25, 2023-04-24, 2024-04-24, 2025-04-24, 2026-04-24, 2027-04-26, 2028-04-24, 2029-04-24, 2030-04-24, 2031-04-24, 2032-04-26, 2033-04-25, 2034-04-24, 2035-04-24, 2036-04-24, 2037-04-24, 2038-04-27, 2038-04-27]]","FAIL: Unable to calculate measure 'PV01'. Reason: [AccruedInterest, BucketedGammaPV01, BucketedPV01, ExplainPresentValue, LegInitialNotional, LegPresentValue, PV01, ParRate, PresentValue] - [Schedule calculation resulted in duplicate adjusted dates: [2013-04-24, 2014-04-24, 2015-04-24, 2016-04-25, 2017-04-24, 2018-04-24, 2019-04-24, 2020-04-24, 2021-04-26, 2022-04-25, 2023-04-24, 2024-04-24, 2025-04-24, 2026-04-24, 2027-04-26, 2028-04-24, 2029-04-24, 2030-04-24, 2031-04-24, 2032-04-26, 2033-04-25, 2034-04-24, 2035-04-24, 2036-04-24, 2037-04-24, 2038-04-27, 2038-04-27]]","FAIL: Invalid measure name: CashFlows. Valid measure names: [AccruedInterest, BucketedGammaPV01, BucketedPV01, ExplainPresentValue, LegInitialNotional, LegPresentValue, PV01, ParRate, PresentValue]","FAIL: Measure not found in results: 'AccruedInterest'. Valid measure names: [AccruedInterest, BucketedGammaPV01, BucketedPV01, ExplainPresentValue, LegInitialNotional, LegPresentValue, PV01, ParRate, PresentValue]","FAIL: Measure not found in results: 'BucketedPV01'. Valid measure names: [AccruedInterest, BucketedGammaPV01, BucketedPV01, ExplainPresentValue, LegInitialNotional, LegPresentValue, PV01, ParRate, PresentValue]",
1,SWP_SG07_DURATION,A,2013-04-24,2018-04-24,EUR,90000000,0.0079,0.0007500537,1827268.9358975142,-90682896.33297844,92510165.26887596,-27345.1121286435,"FAIL: Invalid measure name: CashFlows. Valid measure names: [AccruedInterest, BucketedGammaPV01, BucketedPV01, ExplainPresentValue, LegInitialNotional, LegPresentValue, PV01, ParRate, PresentValue]","FAIL: Measure not found in results: 'AccruedInterest'. Valid measure names: [AccruedInterest, BucketedGammaPV01, BucketedPV01, ExplainPresentValue, LegInitialNotional, LegPresentValue, PV01, ParRate, PresentValue]","FAIL: Measure not found in results: 'BucketedPV01'. Valid measure names: [AccruedInterest, BucketedGammaPV01, BucketedPV01, ExplainPresentValue, LegInitialNotional, LegPresentValue, PV01, ParRate, PresentValue]",
1,SWP_SG_08_DURATION,A,2014-10-21,2023-10-23,EUR,190000000,0.00994,0.0074886122,4221880.892005146,-195576370.70544162,199798251.59744677,-160428.5914667607,"FAIL: Invalid measure name: CashFlows. Valid measure names: [AccruedInterest, BucketedGammaPV01, BucketedPV01, ExplainPresentValue, LegInitialNotional, LegPresentValue, PV01, ParRate, PresentValue]","FAIL: Measure not found in results: 'AccruedInterest'. Valid measure names: [AccruedInterest, BucketedGammaPV01, BucketedPV01, ExplainPresentValue, LegInitialNotional, LegPresentValue, PV01, ParRate, PresentValue]","FAIL: Measure not found in results: 'BucketedPV01'. Valid measure names: [AccruedInterest, BucketedGammaPV01, BucketedPV01, ExplainPresentValue, LegInitialNotional, LegPresentValue, PV01, ParRate, PresentValue]",
1,SWP_SG_09_DURATION,A,2014-10-21,2037-10-21,EUR,85000000,0.01761,0.0145233429,5502387.018487215,-88891758.12463738,94394145.1431246,-172715.4308803228,"FAIL: Invalid measure name: CashFlows. Valid measure names: [AccruedInterest, BucketedGammaPV01, BucketedPV01, ExplainPresentValue, LegInitialNotional, LegPresentValue, PV01, ParRate, PresentValue]","FAIL: Measure not found in results: 'AccruedInterest'. Valid measure names: [AccruedInterest, BucketedGammaPV01, BucketedPV01, ExplainPresentValue, LegInitialNotional, LegPresentValue, PV01, ParRate, PresentValue]","FAIL: Measure not found in results: 'BucketedPV01'. Valid measure names: [AccruedInterest, BucketedGammaPV01, BucketedPV01, ExplainPresentValue, LegInitialNotional, LegPresentValue, PV01, ParRate, PresentValue]",
1,SWP_SG10_DURATION,A,2014-10-22,2028-10-23,EUR,125000000,0.0143,0.011850925,4191061.0231419057,-129953517.27208789,134144578.2952298,-161708.6620894209,"FAIL: Invalid measure name: CashFlows. Valid measure names: [AccruedInterest, BucketedGammaPV01, BucketedPV01, ExplainPresentValue, LegInitialNotional, LegPresentValue, PV01, ParRate, PresentValue]","FAIL: Measure not found in results: 'AccruedInterest'. Valid measure names: [AccruedInterest, BucketedGammaPV01, BucketedPV01, ExplainPresentValue, LegInitialNotional, LegPresentValue, PV01, ParRate, PresentValue]","FAIL: Measure not found in results: 'BucketedPV01'. Valid measure names: [AccruedInterest, BucketedGammaPV01, BucketedPV01, ExplainPresentValue, LegInitialNotional, LegPresentValue, PV01, ParRate, PresentValue]",
1,SWP_SG11_DURATION,A,2014-10-22,2038-10-22,EUR,80000000,0.01766,0.014579428,5350580.9724151045,-83673508.92366761,89024089.89608271,-168780.9342381718,"FAIL: Invalid measure name: CashFlows. Valid measure names: [AccruedInterest, BucketedGammaPV01, BucketedPV01, ExplainPresentValue, LegInitialNotional, LegPresentValue, PV01, ParRate, PresentValue]","FAIL: Measure not found in results: 'AccruedInterest'. Valid measure names: [AccruedInterest, BucketedGammaPV01, BucketedPV01, ExplainPresentValue, LegInitialNotional, LegPresentValue, PV01, ParRate, PresentValue]","FAIL: Measure not found in results: 'BucketedPV01'. Valid measure names: [AccruedInterest, BucketedGammaPV01, BucketedPV01, ExplainPresentValue, LegInitialNotional, LegPresentValue, PV01, ParRate, PresentValue]",
1,SWP_UBS16_XS0616936372,A,2011-04-15,2021-04-15,EUR,400000000,0.09,0.0028484486,207669765.43727964,-408243846.04918116,615913611.4864608,-302370.1912860469,"FAIL: Invalid measure name: CashFlows. Valid measure names: [AccruedInterest, BucketedGammaPV01, BucketedPV01, ExplainPresentValue, LegInitialNotional, LegPresentValue, PV01, ParRate, PresentValue]","FAIL: Measure not found in results: 'AccruedInterest'. Valid measure names: [AccruedInterest, BucketedGammaPV01, BucketedPV01, ExplainPresentValue, LegInitialNotional, LegPresentValue, PV01, ParRate, PresentValue]","FAIL: Measure not found in results: 'BucketedPV01'. Valid measure names: [AccruedInterest, BucketedGammaPV01, BucketedPV01, ExplainPresentValue, LegInitialNotional, LegPresentValue, PV01, ParRate, PresentValue]",
1,SWP_UBS LIMITED_17_DURATION,A,2014-11-05,2022-11-07,EUR,210000000,0.00811,0.0063863047,2927753.0470971465,-215545834.33729053,218473587.38438767,-156909.826326554,"FAIL: Invalid measure name: CashFlows. Valid measure names: [AccruedInterest, BucketedGammaPV01, BucketedPV01, ExplainPresentValue, LegInitialNotional, LegPresentValue, PV01, ParRate, PresentValue]","FAIL: Measure not found in results: 'AccruedInterest'. Valid measure names: [AccruedInterest, BucketedGammaPV01, BucketedPV01, ExplainPresentValue, LegInitialNotional, LegPresentValue, PV01, ParRate, PresentValue]","FAIL: Measure not found in results: 'BucketedPV01'. Valid measure names: [AccruedInterest, BucketedGammaPV01, BucketedPV01, ExplainPresentValue, LegInitialNotional, LegPresentValue, PV01, ParRate, PresentValue]",
1,SWP_UBS LIMITED_18_DURATION,A,2014-11-05,2037-11-05,EUR,80000000,0.01734,0.0145553312,4669636.279688001,-83665105.99755768,88334742.27724569,-162027.0011027946,"FAIL: Invalid measure name: CashFlows. Valid measure names: [AccruedInterest, BucketedGammaPV01, BucketedPV01, ExplainPresentValue, LegInitialNotional, LegPresentValue, PV01, ParRate, PresentValue]","FAIL: Measure not found in results: 'AccruedInterest'. Valid measure names: [AccruedInterest, BucketedGammaPV01, BucketedPV01, ExplainPresentValue, LegInitialNotional, LegPresentValue, PV01, ParRate, PresentValue]","FAIL: Measure not found in results: 'BucketedPV01'. Valid measure names: [AccruedInterest, BucketedGammaPV01, BucketedPV01, ExplainPresentValue, LegInitialNotional, LegPresentValue, PV01, ParRate, PresentValue]",
